1,2,3,4,5,6
Peppa Pig English Episodes | Peppa Pig's perfect Day at the Playground,7 MINUTE COMPILATION | PART 1 | BRAND NEW MORPH,Best of NEW SpongeBob Episodes! (Part 4) | 3 Hour Compilation | SpongeBob,Children's Cartoons & Shows,Music & Dance,Children's Cartoons & Shows
Peppa Pig's Boo Boo Moments,"Bluey FULL Episodes Seasons 1 - 3 ğŸ’™ | Featuring Dad Baby, Faceytalk and more! | 2 HOURS | Bluey",SpongeBob's CLASSIC EPISODE Marathon | 240 Minute Compilation | @SpongeBobOfficial,Children's Cartoons & Shows,Educational Content,Children's Cartoons & Shows
ğŸ”´ The Boo Boo Moments - Peppa Pig Special | Peppa Pig Official Family Kids Cartoon,OH NO! Tom Thomas Has A Black Eye! | The Fixies | WildBrain Fizz,Electro's Gotta Glow | S2 E1 Part 1 | Full Episode | Spidey and his Amazing Friends | @disneyjunior,Children's Cartoons & Shows,Children's Cartoons & Shows,Children's Cartoons & Shows
Tom Thomas' Water Overload: Watch Him Almost Burst! | The Fixies | Animation for Kids,Fixies Flushed Down the Toilet?! ğŸš½ | The Fixies | Cartoons For Kids | WildBrain Fizz,The Amazing World of Gumball: Food Episodes Compilation #1 | Cartoon Network Asia,Children's Cartoons & Shows,Children's Cartoons & Shows,Children's Cartoons & Shows
Peppa Pig Visits The Bouncy Maze | Peppa Pig Asia ğŸ½ Peppa Pig Full Episodes,Ù„Ø§ ØªØ³Ù‚Ø·! | Talking Tom Ø§Ù„Ù‚ØµÙŠØ±Ø© | WildBrain Ø£Ø·ÙØ§Ù„,Ninja Kidz Epic MOVIE!,Children's Cartoons & Shows,Other,Other
Booba ğŸ”´ All Episodes Compilation ğŸ”´ Cartoon For Kids Super Toons TV,CAMPING (GONE RIGHT)! â›ºï¸ ğŸ˜† ğŸ’´ | MR BEAN | WildBrain Kids,ğŸ”´ LIVE: SpongeBob's Most Extreme Weather Marathon! ğŸ”¥â„ï¸ | Nickelodeon,Children's Cartoons & Shows,Other,Children's Cartoons & Shows
Sing | Try Not to Sing Challenge | 10 Minutes | Mini Moments,Ninja Kidz Epic MOVIE!,WORLD RECORD Kapla Tower Collapse (*BREATHTAKING*),Other,Other,Other
Capture the Flag! | Thomas & Friends: All Engines Go! | +60 Minutes Kids Cartoons,"Bluey Seasons 1, 2, and 3 FULL EPISODES ğŸ’™ | Unicorse, Faceytalk, Pass the Parcel, and More! | Bluey",Big City Greens Season 4 Premiere Full Episode! ğŸŒ½| S4 E1 | Truck Stopped / Jingled | @disneychannel,Children's Cartoons & Shows,Children's Cartoons & Shows,Children's Cartoons & Shows
"Cozy Fall Coffee Shop Ambience: Relaxing Jazz Music & Rain Sounds for Studying, Relaxation, & Sleep",SpongeBob's CLASSIC EPISODE Marathon | 240 Minute Compilation | @SpongeBobOfficial,Meet Disgust - Inside Out,Music & Dance,Children's Cartoons & Shows,Other
7 MINUTE COMPILATION | PART 1 | BRAND NEW MORPH,Eating Bugs?! | The Fixies | All Season 2 | Cartoon for kids,Best of Gumball's Unhinged Adventures | Amazing World of Gumball | Cartoon Network Africa,Music & Dance,Children's Cartoons & Shows,Children's Cartoons & Shows
"Bluey Seasons 1, 2, and 3 FULL EPISODES ğŸ’™ | Unicorse, Faceytalk, Pass the Parcel, and More! | Bluey",Tom & Jerry ğŸ˜ºğŸ­| Catch the Hour-Long Cat and Mouse Game ğŸ˜†| Funny Compilation ğŸ¤©| Cartoon Network âœ¨,Fixing the Titans | Teen Titans Go! | Cartoon Network,Children's Cartoons & Shows,Children's Cartoons & Shows,Children's Cartoons & Shows
ğŸ”´ LIVE: Unwind with the Heelers ğŸ’™ | Wholesome Family Moments with Bluey | Bluey,240 MINUTES of SpongeBobâ€™s Funniest Scenes ğŸ˜‚ | @SpongeBobOfficial,3 Hours of Adventure Time! | Adventure Time Mega Marathon | Cartoon Network,Children's Cartoons & Shows,Children's Cartoons & Shows,Children's Cartoons & Shows
"Bluey Full Episodes! | Keepy Uppy, Sleepytime, Bus and MORE! | 2 HOUR Compilation | @disneyjr",Tom Thomas' Water Overload: Watch Him Almost Burst! | The Fixies | Animation for Kids,Paxton and Payton Twin Smash!! Super Team Up!,Children's Cartoons & Shows,Children's Cartoons & Shows,Other
ğŸ”´ LIVE STREAM ğŸ¬ Masha and the Bear ğŸ¤— Spending Time Together ğŸ˜ğŸ«‚,ITCHY HAIR! ğŸ˜‘ ğŸ˜’ ğŸ˜  | TOPSY & TIM | WildBrain Kids,Meet Anger - Inside Out,Children's Cartoons & Shows,Other,Other
Look At Chip's Spots! | Chip & Potato | WildBrain Toons,Paxton and Payton Twin Smash!! Super Team Up!,Colors Of Raven | Teen Titans GO! | Episode 25,Children's Cartoons & Shows,Other,Children's Cartoons & Shows
"PAW Patrol Rubble's Funniest & Silliest Rescues! w/ Chase, Marshall & Skye | 1 Hour | Rubble & Crew",Hamster Escapes from the Prison Maze for Pets in real life ğŸ¹ in Hamster stories Part 4,Gravity Falls Full Episode | S1 E12 | Summerween | @disneyxd,Other,Other,Children's Cartoons & Shows
Lance Slashbladeâ€™s Best Moments! ğŸ”¥ | Inside Out 2 | Disney Kids,Barney's World Theme Song | Barney's World | NEW Music Video!,Kid Titans | Teen Titans Go! | Cartoon Network,Children's Cartoons & Shows,Music & Dance,Children's Cartoons & Shows
PAW Patrol Baby Animals Rescues & Adventures! w/ Marshall #3 ğŸ± 2 Hours | Nick Jr.,Hamster Escapes The Awesome Minecraft Maze With Obstacle Course,Teen Titans Wildest Adventures! ğŸ˜œ | #teentitansgo ğŸ¤© | #cartoonnetwork | @cnindia,Educational Content,Other,Children's Cartoons & Shows
Bluey Compilation | Best of Bluey Season 3 | 90 Minutes | @disneyjr x @BlueyOfficialChannel,Good Morning Song | An Original Song by Gracieâ€™s Corner | Kids Songs + Nursery Rhymes,ğŸ¹ Hamster Escapes the Pool,Children's Cartoons & Shows,Music & Dance,Other
Tom Thomas' SECRET Valentine! â¤ï¸ | The Fixies | Animation for Kids,Shattered | Full Episode | Sonic Prime | Netflix After School,Hamster Escapes from the Prison Maze for Pets in real life ğŸ¹ in Hamster stories Part 4,Children's Cartoons & Shows,Educational Content,Other
Pingu As A Chef - Pingu Official Channel,Tall Tale in India ğŸª· | Ollie and Moon English | Full Episode | Season 1 | Cartoons for kids,Let Your Confidence Shine! ğŸŒŸ | Rainbow High,Other,Children's Cartoons & Shows,Other
KIDZ BOP Kids - Old Town Road (Dance Along),"Cozy Fall Coffee Shop Ambience: Relaxing Jazz Music & Rain Sounds for Studying, Relaxation, & Sleep",MIND CONTROL GAMING! ğŸ® | Johnny test Full Episode Compilation for Kids | WildBrain Max,Music & Dance,Music & Dance,Children's Cartoons & Shows
Which bugs might be living in your home?,ğŸ˜± WATCH OUT! Giant toad prank scares cameraman dad,The Avengers Stop The Frightful Four | LEGO Marvel Avengers: Mission Demolition,Other,Other,Other
Bedtime Stories | 50+ Minutes | Yakka Dee!,I Adopted EVERY Dog In A Dog Shelter,Shattered | Full Episode | Sonic Prime | Netflix After School,Other,Other,Educational Content
These babies really donâ€™t want to take a nap! ğŸ‘¶ BABY born ğŸµğŸ¶ #shorts,Maggie's Magic Vegetable Garden Stories | Shane the Chef Triple Bill | Shane the Chef Official,HOW DO EARTHQUAKES HAPPEN? + More Science Experiments | SCIENCE MAX,Educational Content,Other,Other
Only Olympic gold medalists can throw things!ğŸ¥‡ğŸ¥‡,"Milly, Molly | Season 1, Episode 9 | Go Camping",Water Bottle Flip 2 | Dude Perfect,Other,Children's Cartoons & Shows,Other
Good Night Forest ğŸ¦‡ğŸ¦¨ Full episode | Bubu and the Little Owls,Which bugs might be living in your home?,Teddy's Tale - Bitesize!,Children's Cartoons & Shows,Other,Other
Blippi Visits an Indoor Playground | Learning Videos For Kids | Education Show For Toddlers,The Avengers Stop The Frightful Four | LEGO Marvel Avengers: Mission Demolition,"Dove Cameron, Cheyenne Jackson - Do What You Gotta Do (From ""Descendants 3"")",Educational Content,Other,Other
"Ms Rachel & Elmo Get Ready For School - ABC Song, Numbers, Colors - Toddler & Preschool Learning",The Barbie Podcast ğŸ™ï¸ Ep 4: Flipping the Script with Ali Stroker!,Itty Bitty Puppies and Kittens Need Homes! | Dodo Kids | Rescued!,Educational Content,Other,Other
Blippi Learns About Diwali! | Blippi Wonders Educational Videos for Kids,Together We Can | Learn How to Participate in Your Community | PBS KIDS,"Break This Down (From ""Descendants 3"")",Educational Content,Educational Content,Other
"Clean Up, Clean Up | Barney's World | NEW Animated Music Video!",Can Metal Heal Itself? ğŸ”© | PODCAST FOR KIDS ğŸ§ | Wow in the World FULL EPISODE,Can Metal Heal Itself? ğŸ”© | PODCAST FOR KIDS ğŸ§ | Wow in the World FULL EPISODE,Children's Cartoons & Shows,Children's Cartoons & Shows,Children's Cartoons & Shows
"Baby Learning with Ms Rachel - Baby Songs, Speech, Sign Language for Babies - Baby Videos",Finn: â€œI Am Steveâ€ â›ï¸ğŸ˜ | Adventure Time | @cartoonnetworkuk  #shorts #minecraft #minecraftshorts,JoJo Siwa Gives Out MattyBRaps Phone Number!,Educational Content,Children's Cartoons & Shows,Other
Bandar Mama and Bananas | Bengali Rhymes for Children | Infobells,Only Olympic gold medalists can throw things!ğŸ¥‡ğŸ¥‡,Lonely Marmoset Finds Fun with Mongoose Friends | Love Nature Kids,Other,Other,Other
Topsy & Tim 202 Full Episode - New Pet  | Shows for Kids | HD,Katelyn Ohashi - 10.0 Floor (1-12-19),Why Do Cats Purr? - Tumble Science Podcast for Kids,Children's Cartoons & Shows,Other,Other
"Celebrate Deepavali, also known as Diwali, with Nikhil & Jay | CBeebies",Welcome to Monster Fest | Monster Highâ„¢,The Barbie Podcast ğŸ™ï¸ Ep 4: Flipping the Script with Ali Stroker!,Other,Other,Other
Hedge Helping Her Friends ğŸ’œ Day Of The Girl |Toad & Friends Official,Barney's World - All New Series ğŸ’œ âœ¨| Streaming Now,Welcome to Monster Fest | Monster Highâ„¢,Other,Other,Other
"Cozy Fall Coffee Shop Ambience: Relaxing Jazz Music & Rain Sounds for Studying, Relaxation, & Sleep","Bluey FULL Episodes Seasons 1 - 3 ğŸ’™ | Featuring Dad Baby, Faceytalk and more! | 2 HOURS | Bluey",SpongeBob's CLASSIC EPISODE Marathon | 240 Minute Compilation | @SpongeBobOfficial,Music & Dance,Educational Content,Children's Cartoons & Shows
ğŸ”´ The Boo Boo Moments - Peppa Pig Special | Peppa Pig Official Family Kids Cartoon,7 MINUTE COMPILATION | PART 1 | BRAND NEW MORPH,240 MINUTES of SpongeBobâ€™s Funniest Scenes ğŸ˜‚ | @SpongeBobOfficial,Children's Cartoons & Shows,Music & Dance,Children's Cartoons & Shows
Peppa Pig's Boo Boo Moments,Bingo at the Movies ğŸ¿ ğŸ§¡ | Bluey Full Episode | Bingo - Official Channel,"Ah, come on, being ""Wednesday"" isn't so bad... ğŸ˜‰ğŸ–¤  #StuckintheMiddle #Shorts",Children's Cartoons & Shows,Children's Cartoons & Shows,Other
Peppa Pig English Episodes | Peppa Pig's perfect Day at the Playground,ğŸ”´LIVE: Best of Bluey Seasons 1 - 3! ğŸ’™ | FULL EPISODES | 2 HOURS | Bluey,"You got it, dude #shorts",Children's Cartoons & Shows,Children's Cartoons & Shows,Other
"Heeler Family Time ğŸ’™ ğŸ§¡ | Full Episodes | Baby Race, Asparagus, and More! | Bluey ğŸ’™",Curious George ğŸµğŸ‘»HALLOWEEN SPECIAL - In the Dark ğŸƒğŸµ Kids Cartoon ğŸµ Kids Movies | Videos for Kids,The Amazing World of Gumball: Food Episodes Compilation #1 | Cartoon Network Asia,Educational Content,Children's Cartoons & Shows,Children's Cartoons & Shows
ğŸ”´LIVE: Best of the Grown-Ups of Bluey ğŸ˜‡ | Quality Times with Bandit Chilli and more! ğŸ§¡ | Bluey,ğŸ”´LIVE: Best of Family and Friends ğŸ§¡ âœ¨ | Unwind with Bingo and Bluey Moments | Bingo,Gravity Falls Full Episode | S1 E12 | Summerween | @disneyxd,Children's Cartoons & Shows,Children's Cartoons & Shows,Children's Cartoons & Shows
ğŸ”´ LIVE STREAM ğŸ¬ Masha and the Bear ğŸ‡ New Year resolutions ğŸ“‹âœ…,MAGIC FRUITS! ğŸ âœ¨ğŸ˜© | TALKING TOM SHORTS | WildBrain Kids,Starfire's Wedding! ğŸ’’ | Teen Titans Go! #shorts @dckids,Children's Cartoons & Shows,Other,Other
"Ms Rachel & Elmo Get Ready For School - ABC Song, Numbers, Colors - Toddler & Preschool Learning",OH NO! Tom Thomas Has A Black Eye! | The Fixies | WildBrain Fizz,Every Time SpongeBob's House WASN'T A Pineapple ğŸ | Nicktoons,Educational Content,Children's Cartoons & Shows,Children's Cartoons & Shows
Sing | Try Not to Sing Challenge | 10 Minutes | Mini Moments,"You got it, dude #shorts",Fixing the Titans | Teen Titans Go! | Cartoon Network,Other,Other,Children's Cartoons & Shows
7 MINUTE COMPILATION | PART 1 | BRAND NEW MORPH,Pingu As A Chef - Pingu Official Channel,Pirate Plunder / Bad Bot ğŸ´â€â˜ ï¸ğŸ¤– | Full Episode | Spidey and His Amazing Friends | @disneyjunior,Music & Dance,Other,Children's Cartoons & Shows
ğŸ”´ LIVE STREAM ğŸ¬ Masha and the Bear ğŸ¤— Spending Time Together ğŸ˜ğŸ«‚,Ninja Kidz Epic MOVIE!,WORLD RECORD Kapla Tower Collapse (*BREATHTAKING*),Children's Cartoons & Shows,Other,Other
"One Potato, Two Potatoes | Cocomelon | Learning Videos For Kids | Education Show For Toddlers",Tom Thomas Has A Black Eye! | The Fixies | WildBrain Fizz,ğŸ”´ LIVE: SpongeBob's Most Extreme Weather Marathon! ğŸ”¥â„ï¸ | Nickelodeon,Educational Content,Children's Cartoons & Shows,Children's Cartoons & Shows
Vlad and Niki PAW Patrol 10th Anniversary Birthday Party! - Toy Pretend Play Play For Kids,Barney's World Theme Song | Barney's World | NEW Music Video!,Coming soon! It's BABY CITY GREENS ğŸ¼ #Shorts #bigcitygreens | Link: https://youtu.be/-gdqLogzdgc,Music & Dance,Music & Dance,Educational Content
ğŸ”´LIVE: Best of Family and Friends ğŸ§¡ âœ¨ | Unwind with Bingo and Bluey Moments | Bingo,Good Morning Song | An Original Song by Gracieâ€™s Corner | Kids Songs + Nursery Rhymes,Hamster Escapes from the Prison Maze for Pets in real life ğŸ¹ in Hamster stories Part 4,Children's Cartoons & Shows,Music & Dance,Other
"Bluey Full Episodes! | Keepy Uppy, Sleepytime, Bus and MORE! | 2 HOUR Compilation | @disneyjr",Kayson Smash!! Mystery of the Missing Ninja Toys!,Teen Titans Go ğŸ‘Š | Titans Craziest Chaos! ğŸ¤¯| Compilation | Cartoon for Kids ğŸ¤©| @cnindia,Children's Cartoons & Shows,Other,Children's Cartoons & Shows
"PAW Patrol Rubble's Funniest & Silliest Rescues! w/ Chase, Marshall & Skye | 1 Hour | Rubble & Crew",Shattered | Full Episode | Sonic Prime | Netflix After School,Colors Of Raven | Teen Titans GO! | Episode 25,Other,Educational Content,Children's Cartoons & Shows
Blippi Visits an Indoor Playground | Learning Videos For Kids | Education Show For Toddlers,Tall Tale in India ğŸª· | Ollie and Moon English | Full Episode | Season 1 | Cartoons for kids,The Avengers Stop The Frightful Four | LEGO Marvel Avengers: Mission Demolition,Educational Content,Children's Cartoons & Shows,Other
Bingo at the Movies ğŸ¿ ğŸ§¡ | Bluey Full Episode | Bingo - Official Channel,ğŸ˜± WATCH OUT! Giant toad prank scares cameraman dad,Ninja Kidz Epic MOVIE!,Children's Cartoons & Shows,Other,Other
The MEGA Minnie's Bow-Toons ğŸ€ Compilation | 2 Hour Compilation | Party Palace Pals | @disneyjr,Hamster Escapes from the Prison Maze for Pets in real life ğŸ¹ in Hamster stories Part 4,Best of Gumball's Unhinged Adventures | Amazing World of Gumball | Cartoon Network Africa,Children's Cartoons & Shows,Other,Children's Cartoons & Shows
PAW Patrol Marshall's BEST Lookout Tower Rescues! w/ Chase & Skye | 30 Minute Compilation | Nick Jr.,Hamster Escapes The Awesome Minecraft Maze With Obstacle Course,Kid Titans | Teen Titans Go! | Cartoon Network,Music & Dance,Other,Children's Cartoons & Shows
Peppa Pig Fills Up Her Cart | Peppa Pig Asia ğŸ½ Peppa Pig Full Episodes |,EGG DROP CHALLENGE! Try not to crack ğŸ˜± | THE WILD ROBOT,Oggy and the Cockroaches - THE PRANKSTER (S05E74) CARTOON | New Episodes in HD,Children's Cartoons & Shows,Other,Children's Cartoons & Shows
Halloween Costumes with Elmo and Friends | FIVE Full Sesame Street Episodes,"Cozy Fall Coffee Shop Ambience: Relaxing Jazz Music & Rain Sounds for Studying, Relaxation, & Sleep",Let Your Confidence Shine! ğŸŒŸ | Rainbow High,Children's Cartoons & Shows,Music & Dance,Other
Ù„Ø§ ØªØ³Ù‚Ø·! | Talking Tom Ø§Ù„Ù‚ØµÙŠØ±Ø© | WildBrain Ø£Ø·ÙØ§Ù„,Which bugs might be living in your home?,FKJ  |  Ylang Ylang EP (Live Session),Other,Other,Other
PAW Patrol Halloween Best Spooky Rescue Episodes - PAW Patrol Cartoons for Kids Compilation,Maggie's Magic Vegetable Garden Stories | Shane the Chef Triple Bill | Shane the Chef Official,Hamster Escapes The Awesome Minecraft Maze With Obstacle Course,Children's Cartoons & Shows,Other,Other
"Baby Learning with Ms Rachel - Baby Songs, Speech, Sign Language for Babies - Baby Videos",Finn: â€œI Am Steveâ€ â›ï¸ğŸ˜ | Adventure Time | @cartoonnetworkuk  #shorts #minecraft #minecraftshorts,MIND CONTROL GAMING! ğŸ® | Johnny test Full Episode Compilation for Kids | WildBrain Max,Educational Content,Children's Cartoons & Shows,Children's Cartoons & Shows
Blippi Learns About Diwali! | Blippi Wonders Educational Videos for Kids,"Milly, Molly | Season 1, Episode 9 | Go Camping",I Adopted EVERY Dog In A Dog Shelter,Educational Content,Children's Cartoons & Shows,Other
Barney's World Theme Song | Barney's World | NEW Music Video!,The Avengers Stop The Frightful Four | LEGO Marvel Avengers: Mission Demolition,Good Morning Song | An Original Song by Gracieâ€™s Corner | Kids Songs + Nursery Rhymes,Music & Dance,Other,Music & Dance
Bedtime Stories | 50+ Minutes | Yakka Dee!,I Adopted EVERY Dog In A Dog Shelter,HOW DO EARTHQUAKES HAPPEN? + More Science Experiments | SCIENCE MAX,Other,Other,Other
Only Olympic gold medalists can throw things!ğŸ¥‡ğŸ¥‡,Kiki's Diner: OmoBerry Spoofs #willowsdiner #willowpenelope,"Dove Cameron, Cheyenne Jackson - Do What You Gotta Do (From ""Descendants 3"")",Other,Other,Other
KIDZ BOP Kids - Old Town Road (Dance Along),The Barbie Podcast ğŸ™ï¸ Ep 4: Flipping the Script with Ali Stroker!,Teddy's Tale - Bitesize!,Music & Dance,Other,Other
Which bugs might be living in your home?,Together We Can | Learn How to Participate in Your Community | PBS KIDS,Can Metal Heal Itself? ğŸ”© | PODCAST FOR KIDS ğŸ§ | Wow in the World FULL EPISODE,Other,Educational Content,Children's Cartoons & Shows
Good Night Forest ğŸ¦‡ğŸ¦¨ Full episode | Bubu and the Little Owls,Only Olympic gold medalists can throw things!ğŸ¥‡ğŸ¥‡,The Barbie Podcast ğŸ™ï¸ Ep 4: Flipping the Script with Ali Stroker!,Children's Cartoons & Shows,Other,Other
"Celebrate Deepavali, also known as Diwali, with Nikhil & Jay | CBeebies",Katelyn Ohashi - 10.0 Floor (1-12-19),Lonely Marmoset Finds Fun with Mongoose Friends | Love Nature Kids,Other,Other,Other
Kiki's Diner: OmoBerry Spoofs #willowsdiner #willowpenelope,Can Metal Heal Itself? ğŸ”© | PODCAST FOR KIDS ğŸ§ | Wow in the World FULL EPISODE,Why Do Cats Purr? - Tumble Science Podcast for Kids,Other,Children's Cartoons & Shows,Other
Topsy & Tim 202 Full Episode - New Pet  | Shows for Kids | HD,Welcome to Monster Fest | Monster Highâ„¢,Scare-adise Island Beach Vacation ft. Draculaura & Clawdeen (Official Music Video) | Monster High,Children's Cartoons & Shows,Other,Music & Dance
Hedge Helping Her Friends ğŸ’œ Day Of The Girl |Toad & Friends Official,Barney's World - All New Series ğŸ’œ âœ¨| Streaming Now,Welcome to Monster Fest | Monster Highâ„¢,Other,Other,Other
7 MINUTE COMPILATION | PART 1 | BRAND NEW MORPH,"Heeler Family Time ğŸ’™ ğŸ§¡ | Full Episodes | Baby Race, Asparagus, and More! | Bluey ğŸ’™",Kayson Smash!! Mystery of the Missing Ninja Toys!,Music & Dance,Educational Content,Other
PAW Patrol Halloween Best Spooky Rescue Episodes - PAW Patrol Cartoons for Kids Compilation,SpongeBob's CLASSIC EPISODE Marathon | 240 Minute Compilation | @SpongeBobOfficial,Ninja Kidz Epic MOVIE!,Children's Cartoons & Shows,Children's Cartoons & Shows,Other
ğŸ”´LIVE: Bluey Episodes that have Halloween Energy ğŸ‘» | Bluey,Best of NEW SpongeBob Episodes! (Part 4) | 3 Hour Compilation | SpongeBob,Starfire's Wedding! ğŸ’’ | Teen Titans Go! #shorts @dckids,Children's Cartoons & Shows,Children's Cartoons & Shows,Other
"Ms Rachel & Elmo Get Ready For School - ABC Song, Numbers, Colors - Toddler & Preschool Learning",Ninja Kidz Epic MOVIE!,Electro's Gotta Glow / Black Cat Chaos | Spidey and His Amazing Friends | @disneyjr @MarvelHQ,Educational Content,Other,Children's Cartoons & Shows
Pingu As A Chef - Pingu Official Channel,Starfire's Wedding! ğŸ’’ | Teen Titans Go! #shorts @dckids,The Amazing World of Gumball: Food Episodes Compilation #1 | Cartoon Network Asia,Other,Other,Children's Cartoons & Shows
Bluey Series 2 Highlights ğŸ¤© ğŸ’™ | Best of Bluey Season 2 | Bluey,Tom Thomas Has A Black Eye! | The Fixies | WildBrain Fizz,Ice Cream | Funny Episodes | Mr Bean Cartoon World,Children's Cartoons & Shows,Children's Cartoons & Shows,Children's Cartoons & Shows
Peppa Jumps in a Muddy Puddle #shorts,ğŸ”´ LIVE: Unwind with the Heelers ğŸ’™ | Wholesome Family Moments with Bluey | Bluey,SpongeBob's CLASSIC EPISODE Marathon | 240 Minute Compilation | @SpongeBobOfficial,Children's Cartoons & Shows,Children's Cartoons & Shows,Children's Cartoons & Shows
Blippi Visits an Indoor Playground | Learning Videos For Kids | Education Show For Toddlers,OH NO! Tom Thomas Has A Black Eye! | The Fixies | WildBrain Fizz,Colors Of Raven | Teen Titans GO! | Episode 25,Educational Content,Children's Cartoons & Shows,Children's Cartoons & Shows
ğŸ”´LIVE: Best of Family and Friends ğŸ§¡ âœ¨ | Unwind with Bingo and Bluey Moments | Bingo,ğŸ”´LIVE: Playtime with Bingo and Friends ğŸ§¡ | Fun and Games with Bingo and Bluey | Bingo,Teen Titans Go ğŸ‘Š | Titans Craziest Chaos! ğŸ¤¯| Compilation | Cartoon for Kids ğŸ¤©| @cnindia,Children's Cartoons & Shows,Children's Cartoons & Shows,Children's Cartoons & Shows
PAW Patrol Marshall's BEST Lookout Tower Rescues! w/ Chase & Skye | 30 Minute Compilation | Nick Jr.,ğŸ”´LIVE: Best of Family and Friends ğŸ§¡ âœ¨ | Unwind with Bingo and Bluey Moments | Bingo,60 Minutes of TRICKS ğŸƒ | SpongeBob,Music & Dance,Children's Cartoons & Shows,Children's Cartoons & Shows
Halloween Zombies | Zombie Still AliveğŸ§Ÿâ€â™‚ï¸ #pororo #shorts #zombie,7 MINUTE COMPILATION | PART 1 | BRAND NEW MORPH,Meet Disgust - Inside Out,Other,Music & Dance,Other
Masha And The Bear - ğŸŒ·INTERNATIONAL WOMEN'S DAY with Masha! ğŸ’•ğŸ‘±â€â™€ï¸,Gasp! | A Mickey Mouse Cartoon | Disney Shows,âš ï¸Donâ€™t press Joyâ€™s buttonsâš ï¸ğŸ˜¬See #InsideOut2 only in theaters in ğŸ”Ÿ DAYS! #disney #movie,Children's Cartoons & Shows,Children's Cartoons & Shows,Children's Cartoons & Shows
Halloween Episodes | Full Episodes | Clifford's Puppy Days,ğŸ˜± WATCH OUT! Giant toad prank scares cameraman dad,Teddy's Tale - Bitesize!,Children's Cartoons & Shows,Other,Other
Dinner At Rebecca Rabbit's House ğŸ¥• | Peppa Pig Official Full Episodes,ğŸ˜± WATCH OUT! Giant toads are scary FUN!,Gravity Falls Full Episode | S1 E12 | Summerween | @disneyxd,Children's Cartoons & Shows,Other,Children's Cartoons & Shows
Bingo at the Movies ğŸ¿ ğŸ§¡ | Bluey Full Episode | Bingo - Official Channel,"Cozy Fall Coffee Shop Ambience: Relaxing Jazz Music & Rain Sounds for Studying, Relaxation, & Sleep",Mr Bean's Car Wash ğŸš—ğŸ§¼ | Mr Bean Animated Cartoons | Season 2 | Full Episodes | Cartoons for Kids,Children's Cartoons & Shows,Music & Dance,Children's Cartoons & Shows
A Mighty Meteor Shower â˜„ï¸ | MIGHTY MONSTERWHEELIES | Netflix,Paxton and Payton Twin Smash!! Super Team Up!,Hamster Escapes The Awesome Minecraft Maze With Obstacle Course,Other,Other,Other
Barney's World Theme Song | Barney's World | NEW Music Video!,Kiki's Diner: OmoBerry Spoofs #willowsdiner #willowpenelope,Tom & Jerry ğŸ˜ºğŸ­| Catch the Hour-Long Cat and Mouse Game ğŸ˜†| Funny Compilation ğŸ¤©| Cartoon Network âœ¨,Music & Dance,Other,Children's Cartoons & Shows
Vlad and Niki PAW Patrol 10th Anniversary Birthday Party! - Toy Pretend Play Play For Kids,Maggie's Magic Vegetable Garden Stories | Shane the Chef Triple Bill | Shane the Chef Official,ğŸ¹ Hamster Escapes the Pool,Music & Dance,Other,Other
Masha and the Bear 2024 ğŸ¬ NEW EPISODE! ğŸ¬ Best cartoon collection ğŸ¥” Soup Pursuit ğŸ¥•ğŸ²,Only Olympic gold medalists can throw things!ğŸ¥‡ğŸ¥‡,Spicy Food Fire Breath | Teen Titans Go! | Watch more on Cartoon Network #Shorts,Children's Cartoons & Shows,Other,Children's Cartoons & Shows
Sesame Street: This is the Way We Go to School Song with Ms. Rachel and Elmo,Hamster Escapes The Awesome Minecraft Maze With Obstacle Course,Every Time SpongeBob's House WASN'T A Pineapple ğŸ | Nicktoons,Educational Content,Other,Children's Cartoons & Shows
Booba ğŸ”´ All Episodes Compilation ğŸ”´ Cartoon For Kids Super Toons TV,The Avengers Stop The Frightful Four | LEGO Marvel Avengers: Mission Demolition,Shattered | Full Episode | Sonic Prime | Netflix After School,Children's Cartoons & Shows,Other,Educational Content
Halloween Costumes with Elmo and Friends | FIVE Full Sesame Street Episodes,Tall Tale in India ğŸª· | Ollie and Moon English | Full Episode | Season 1 | Cartoons for kids,Water Bottle Flip 2 | Dude Perfect,Children's Cartoons & Shows,Children's Cartoons & Shows,Other
Morphle is CRYING! - Mila and Morphle |  Kids Videos | My Magic Pet Morphle,I Adopted EVERY Dog In A Dog Shelter,Good Morning Song | An Original Song by Gracieâ€™s Corner | Kids Songs + Nursery Rhymes,Other,Other,Music & Dance
Bedtime Stories | 50+ Minutes | Yakka Dee!,EGG DROP CHALLENGE! Try not to crack ğŸ˜± | THE WILD ROBOT,The Avengers Stop The Frightful Four | LEGO Marvel Avengers: Mission Demolition,Other,Other,Other
Blippi Learns About Diwali! | Blippi Wonders Educational Videos for Kids,Which bugs might be living in your home?,"Break This Down (From ""Descendants 3"")",Educational Content,Other,Other
The Floor Is Grape Jelly | Barney's World | FULL EPISODE | Cartoons For Kids,"Milly, Molly | Season 1, Episode 9 | Go Camping",MIND CONTROL GAMING! ğŸ® | Johnny test Full Episode Compilation for Kids | WildBrain Max,Children's Cartoons & Shows,Children's Cartoons & Shows,Children's Cartoons & Shows
Barneyâ€™s World Theme Song | Barney's World | NEW Animated Music Video!,Finn: â€œI Am Steveâ€ â›ï¸ğŸ˜ | Adventure Time | @cartoonnetworkuk  #shorts #minecraft #minecraftshorts,Avoid the Void ğŸŒ€ FULL EPISODE | Sonic Prime | Netflix After School,Children's Cartoons & Shows,Children's Cartoons & Shows,Educational Content
Topsy & Tim 202 Full Episode - New Pet  | Shows for Kids | HD,Friendship and Family in Moominvalley | Moominvalley compilation,HOW DO EARTHQUAKES HAPPEN? + More Science Experiments | SCIENCE MAX,Children's Cartoons & Shows,Music & Dance,Other
Good Night Forest ğŸ¦‡ğŸ¦¨ Full episode | Bubu and the Little Owls,Shattered | Full Episode | Sonic Prime | Netflix After School,I Adopted EVERY Dog In A Dog Shelter,Children's Cartoons & Shows,Educational Content,Other
"Baby Learning with Ms Rachel - Baby Songs, Speech, Sign Language for Babies - Baby Videos",Can Metal Heal Itself? ğŸ”© | PODCAST FOR KIDS ğŸ§ | Wow in the World FULL EPISODE,JoJo Siwa Gives Out MattyBRaps Phone Number!,Educational Content,Children's Cartoons & Shows,Other
Hedge Helping Her Friends ğŸ’œ Day Of The Girl |Toad & Friends Official,THE AMAZING SPIDER-CORGI - Topi the Corgi,FKJ  |  Ylang Ylang EP (Live Session),Other,Other,Other
Gabby Goes K-POP with NMIXX! | GABBY'S DOLLHOUSE,The Barbie Podcast ğŸ™ï¸ Ep 4: Flipping the Script with Ali Stroker!,The Barbie Podcast ğŸ™ï¸ Ep 4: Flipping the Script with Ali Stroker!,Other,Other,Other
Kiki's Diner: OmoBerry Spoofs #willowsdiner #willowpenelope,Good Morning Song | An Original Song by Gracieâ€™s Corner | Kids Songs + Nursery Rhymes,Why Do Cats Purr? - Tumble Science Podcast for Kids,Other,Music & Dance,Other
"Celebrate Deepavali, also known as Diwali, with Nikhil & Jay | CBeebies","NEW Girl Of The Year ANTHEM (Music Video) feat. Lila, Kavi, Corinne, Kira, & Joss! | American Girl",Can Metal Heal Itself? ğŸ”© | PODCAST FOR KIDS ğŸ§ | Wow in the World FULL EPISODE,Other,Music & Dance,Children's Cartoons & Shows
Only Olympic gold medalists can throw things!ğŸ¥‡ğŸ¥‡,Together We Can | Learn How to Participate in Your Community | PBS KIDS,BTS So Happy Challenge with Brent Rivera | Radio Disney Music Awards,Other,Educational Content,Children's Cartoons & Shows
Barney's World - All New Series ğŸ’œ âœ¨| Streaming Now,Welcome to Monster Fest | Monster Highâ„¢,Welcome to Monster Fest | Monster Highâ„¢,Other,Other,Other
ğŸ”´ğŸ”´ğŸ”´ Peppa Pig Goes to the Doctor | Peppa Pig Official Family Kids Cartoon |,"Heeler Family Time ğŸ’™ ğŸ§¡ | Full Episodes | Baby Race, Asparagus, and More! | Bluey ğŸ’™",Hamster Escapes from the Prison Maze for Pets in real life ğŸ¹ in Hamster stories Part 4,Children's Cartoons & Shows,Educational Content,Other
Tom Thomas' Water Overload: Watch Him Almost Burst! | The Fixies | Animation for Kids,Ninja Kidz Epic MOVIE!,Best of NEW SpongeBob Episodes! (Part 4) | 3 Hour Compilation | SpongeBob,Children's Cartoons & Shows,Other,Children's Cartoons & Shows
ğŸ”´ The Boo Boo Moments - Peppa Pig Special | Peppa Pig Official Family Kids Cartoon,"Cozy Fall Coffee Shop Ambience: Relaxing Jazz Music & Rain Sounds for Studying, Relaxation, & Sleep",ğŸ¹ Hamster Escapes the Pop It Maze for Pets in real life ğŸ¹,Children's Cartoons & Shows,Music & Dance,Other
"NEW Bluey Series 1, 2 & 3 FULL EPISODES | Featuring Bingo, Dad Baby and 16 More! ğŸ’™ğŸ§¡ | Bluey","Bluey FULL Episodes Seasons 1 - 3 ğŸ’™ | Featuring Dad Baby, Faceytalk and more! | 2 HOURS | Bluey",Starfire's Wedding! ğŸ’’ | Teen Titans Go! #shorts @dckids,Educational Content,Educational Content,Other
ğŸ”´ LIVE: Unwind with the Heelers ğŸ’™ | Wholesome Family Moments with Bluey | Bluey,7 MINUTE COMPILATION | PART 1 | BRAND NEW MORPH,Ninja Kidz Epic MOVIE!,Children's Cartoons & Shows,Music & Dance,Other
7 MINUTE COMPILATION | PART 1 | BRAND NEW MORPH,Gasp! | A Mickey Mouse Cartoon | Disney Shows,Meet Disgust - Inside Out,Music & Dance,Children's Cartoons & Shows,Other
ğŸ”´LIVE: Best of Family and Friends ğŸ§¡ âœ¨ | Unwind with Bingo and Bluey Moments | Bingo,OH NO! Tom Thomas Has A Black Eye! | The Fixies | WildBrain Fizz,The Amazing World of Gumball: Food Episodes Compilation #1 | Cartoon Network Asia,Children's Cartoons & Shows,Children's Cartoons & Shows,Children's Cartoons & Shows
PAW Patrol Halloween Best Spooky Rescue Episodes - PAW Patrol Cartoons for Kids Compilation,Barney's World Theme Song | Barney's World | NEW Music Video!,Electro's Gotta Glow | S2 E1 Part 1 | Full Episode | Spidey and his Amazing Friends | @disneyjunior,Children's Cartoons & Shows,Music & Dance,Children's Cartoons & Shows
PAW Patrol Marshall's BEST Lookout Tower Rescues! w/ Chase & Skye | 30 Minute Compilation | Nick Jr.,ğŸ”´LIVE: Best of Family and Friends ğŸ§¡ âœ¨ | Unwind with Bingo and Bluey Moments | Bingo,Kayson Smash!! Mystery of the Missing Ninja Toys!,Music & Dance,Children's Cartoons & Shows,Other
Pingu As A Chef - Pingu Official Channel,Pingu As A Chef - Pingu Official Channel,Pirate Plunder / Bad Bot ğŸ´â€â˜ ï¸ğŸ¤– | Full Episode | Spidey and His Amazing Friends | @disneyjunior,Other,Other,Children's Cartoons & Shows
"Cozy Fall Coffee Shop Ambience: Relaxing Jazz Music & Rain Sounds for Studying, Relaxation, & Sleep",SpongeBob's CLASSIC EPISODE Marathon | 240 Minute Compilation | @SpongeBobOfficial,SpongeBob's CLASSIC EPISODE Marathon | 240 Minute Compilation | @SpongeBobOfficial,Music & Dance,Children's Cartoons & Shows,Children's Cartoons & Shows
Sing | Try Not to Sing Challenge | 10 Minutes | Mini Moments,Rubble Solves a Spooky Halloween Mystery! w/ PAW Patrol | 90 Minute Compilation | Rubble & Crew,Good Morning Song | An Original Song by Gracieâ€™s Corner | Kids Songs + Nursery Rhymes,Other,Music & Dance,Music & Dance
"One Potato, Two Potatoes | Cocomelon | Learning Videos For Kids | Education Show For Toddlers",Starfire's Wedding! ğŸ’’ | Teen Titans Go! #shorts @dckids,Kid Titans | Teen Titans Go! | Cartoon Network,Educational Content,Other,Children's Cartoons & Shows
ğŸ”´LIVE: Playtime with Bingo and Friends ğŸ§¡ | Fun and Games with Bingo and Bluey | Bingo,Mickey Mouse Clubhouse Full Episode | Pluto's Ball | S1 E12 | @disneyjr,Go Dino-Webs Go! | Full Episode | Spidey and His Amazing Friends | @disneyjunior @MarvelHQ,Children's Cartoons & Shows,Children's Cartoons & Shows,Children's Cartoons & Shows
PAW Patrol Rescue Wheels Adventures! #6 w/ Zuma ğŸš— 3 Hours | Nick Jr.,The Floor Is Grape Jelly | Barney's World | FULL EPISODE | Cartoons For Kids,Colors Of Raven | Teen Titans GO! | Episode 25,Other,Children's Cartoons & Shows,Children's Cartoons & Shows
Peppa Pig English Episodes | Peppa Pig's perfect Day at the Playground,Tall Tale in India ğŸª· | Ollie and Moon English | Full Episode | Season 1 | Cartoons for kids,Fixing the Titans | Teen Titans Go! | Cartoon Network,Children's Cartoons & Shows,Children's Cartoons & Shows,Children's Cartoons & Shows
Peppa Pig Fills Up Her Cart | Peppa Pig Asia ğŸ½ Peppa Pig Full Episodes |,"You got it, dude #shorts",Let Your Confidence Shine! ğŸŒŸ | Rainbow High,Children's Cartoons & Shows,Other,Other
Mickey Mouse Clubhouse Halloween Mickey's Treat Full Episode ğŸƒ | S1 E17 | @disneyjr,Best of NEW SpongeBob Episodes! (Part 4) | 3 Hour Compilation | SpongeBob,WORLD RECORD Kapla Tower Collapse (*BREATHTAKING*),Children's Cartoons & Shows,Children's Cartoons & Shows,Other
Blippi Learns About Diwali! | Blippi Wonders Educational Videos for Kids,"PAW Patrol Rubble's Funniest & Silliest Rescues! w/ Chase, Marshall & Skye | 1 Hour | Rubble & Crew",10 Minute Barbie Movie Preview | Barbie & Stacie To The Rescue! | Netflix,Educational Content,Other,Other
Elmo Sings the ABC's! #sesamestreet,Colors Of Raven | Teen Titans GO! | Episode 25,L.O.L. Surprise! The Skate Dance Movie ğŸ›¹ğŸ©° | Full Movies for Kids,Educational Content,Children's Cartoons & Shows,Music & Dance
Mickey and Donald Have a Farm ğŸšœ | S4 E1 | Full Episode | Mickey Mouse Clubhouse | @disneyjr,Paxton and Payton Twin Smash!! Super Team Up!,Meet Anger - Inside Out,Children's Cartoons & Shows,Other,Other
"Ms Rachel & Elmo Get Ready For School - ABC Song, Numbers, Colors - Toddler & Preschool Learning",ğŸ¹ Hamster Escapes the Pool,PAW Patrol Skye Makes a Monster Truck Rescue & Saves Robo-Dog! w/ Roxi & Chase | Shimmer and Shine,Educational Content,Other,Other
Masha and the Bear 2022 ğŸ¬ NEW EPISODE! ğŸ¬ Best cartoon collection ğŸŒ±ğŸŒ¾ How to Train Your Plant,ğŸ˜± WATCH OUT! Giant toad prank scares cameraman dad,PAW Patrol Mighty Pups to the Rescue! w/ Skye & Liberty | 90 Minute Compilation | Shimmer and Shine,Children's Cartoons & Shows,Other,Music & Dance
The Floor Is Grape Jelly | Barney's World | FULL EPISODE | Cartoons For Kids,Hamster Escapes from the Prison Maze for Pets in real life ğŸ¹ in Hamster stories Part 4,We're fired up! ğŸ“£#ZOMBIESReanimated #DisneyChannel,Children's Cartoons & Shows,Other,Children's Cartoons & Shows
Blippi Visits an Indoor Playground | Learning Videos For Kids | Education Show For Toddlers,Good Morning Song | An Original Song by Gracieâ€™s Corner | Kids Songs + Nursery Rhymes,Itty Bitty Puppies and Kittens Need Homes! | Dodo Kids | Rescued!,Educational Content,Music & Dance,Other
Vlad and Niki PAW Patrol 10th Anniversary Birthday Party! - Toy Pretend Play Play For Kids,Maggie's Magic Vegetable Garden Stories | Shane the Chef Triple Bill | Shane the Chef Official,HOW DO EARTHQUAKES HAPPEN? + More Science Experiments | SCIENCE MAX,Music & Dance,Other,Other
Bedtime Stories | 50+ Minutes | Yakka Dee!,"Milly, Molly | Season 1, Episode 9 | Go Camping",The Barbie Podcast ğŸ™ï¸ Ep 4: Flipping the Script with Ali Stroker!,Other,Children's Cartoons & Shows,Other
Barneyâ€™s World Theme Song | Barney's World | NEW Animated Music Video!,Om Nom Stories ğŸ’ªğŸ’¥ New Neighbors - Game On ğŸ®,"Dove Cameron, Cheyenne Jackson - Do What You Gotta Do (From ""Descendants 3"")",Children's Cartoons & Shows,Other,Other
Good Night Forest ğŸ¦‡ğŸ¦¨ Full episode | Bubu and the Little Owls,Only Olympic gold medalists can throw things!ğŸ¥‡ğŸ¥‡,Teddy's Tale - Bitesize!,Children's Cartoons & Shows,Other,Other
Which bugs might be living in your home?,The Barbie Podcast ğŸ™ï¸ Ep 4: Flipping the Script with Ali Stroker!,Do Emotions Have Emotions?,Other,Other,Other
"Clean Up, Clean Up | Barney's World | NEW Animated Music Video!",Finn: â€œI Am Steveâ€ â›ï¸ğŸ˜ | Adventure Time | @cartoonnetworkuk  #shorts #minecraft #minecraftshorts,Water Bottle Flip 2 | Dude Perfect,Children's Cartoons & Shows,Children's Cartoons & Shows,Other
Topsy & Tim 202 Full Episode - New Pet  | Shows for Kids | HD,Friendship and Family in Moominvalley | Moominvalley compilation,Lonely Marmoset Finds Fun with Mongoose Friends | Love Nature Kids,Children's Cartoons & Shows,Music & Dance,Other
"Baby Learning with Ms Rachel - Baby Songs, Speech, Sign Language for Babies - Baby Videos",Kiki's Diner: OmoBerry Spoofs #willowsdiner #willowpenelope,MIND CONTROL GAMING! ğŸ® | Johnny test Full Episode Compilation for Kids | WildBrain Max,Educational Content,Other,Children's Cartoons & Shows
Only Olympic gold medalists can throw things!ğŸ¥‡ğŸ¥‡,Can Metal Heal Itself? ğŸ”© | PODCAST FOR KIDS ğŸ§ | Wow in the World FULL EPISODE,Can Metal Heal Itself? ğŸ”© | PODCAST FOR KIDS ğŸ§ | Wow in the World FULL EPISODE,Other,Children's Cartoons & Shows,Children's Cartoons & Shows
Hedge Helping Her Friends ğŸ’œ Day Of The Girl |Toad & Friends Official,Together We Can | Learn How to Participate in Your Community | PBS KIDS,Why Do Cats Purr? - Tumble Science Podcast for Kids,Other,Educational Content,Other
"Celebrate Deepavali, also known as Diwali, with Nikhil & Jay | CBeebies",Welcome to Monster Fest | Monster Highâ„¢,Welcome to Monster Fest | Monster Highâ„¢,Other,Other,Other
Starfire's Wedding! ğŸ’’ | Teen Titans Go! #shorts @dckids,Best of NEW SpongeBob Episodes! (Part 4) | 3 Hour Compilation | SpongeBob,Every Time SpongeBob's House WASN'T A Pineapple ğŸ | Nicktoons,Other,Children's Cartoons & Shows,Children's Cartoons & Shows
The Amazing World of Gumball: Food Episodes Compilation #1 | Cartoon Network Asia,SpongeBob's CLASSIC EPISODE Marathon | 240 Minute Compilation | @SpongeBobOfficial,Who is the best at gymnastics? Brothers and Sister Challenge!,Children's Cartoons & Shows,Children's Cartoons & Shows,Other
"You got it, dude #shorts",CAMPING (GONE RIGHT)! â›ºï¸ ğŸ˜† ğŸ’´ | MR BEAN | WildBrain Kids,Being Awesome! Ninja Kidz Music Video,Other,Other,Music & Dance
Good Morning Song | An Original Song by Gracieâ€™s Corner | Kids Songs + Nursery Rhymes,"When in doubt, always ask â€œWhat would Sharpay do?â€ ğŸ’• #HighSchoolMusical #DisneyChannel",Good Morning Song | An Original Song by Gracieâ€™s Corner | Kids Songs + Nursery Rhymes,Music & Dance,Educational Content,Music & Dance
SpongeBob's CLASSIC EPISODE Marathon | 240 Minute Compilation | @SpongeBobOfficial,The UNFAIR GAME! | Mr Bean | Cartoons for Kids | WildBrain Kids,Starfire's Wedding! ğŸ’’ | Teen Titans Go! #shorts @dckids,Children's Cartoons & Shows,Children's Cartoons & Shows,Other
Kid Titans | Teen Titans Go! | Cartoon Network,Colors Of Raven | Teen Titans GO! | Episode 25,Fixing the Titans | Teen Titans Go! | Cartoon Network,Children's Cartoons & Shows,Children's Cartoons & Shows,Children's Cartoons & Shows
Every Time SpongeBob's House WASN'T A Pineapple ğŸ | Nicktoons,Starfire's Wedding! ğŸ’’ | Teen Titans Go! #shorts @dckids,Electro's Gotta Glow / Black Cat Chaos | Spidey and His Amazing Friends | @disneyjr @MarvelHQ,Children's Cartoons & Shows,Other,Children's Cartoons & Shows
Robin's Secret Bunker | Teen Titans Go! | @cartoonnetworkuk,"Heeler Family Time ğŸ’™ ğŸ§¡ | Full Episodes | Baby Race, Asparagus, and More! | Bluey ğŸ’™",SpongeBob's CLASSIC EPISODE Marathon | 240 Minute Compilation | @SpongeBobOfficial,Children's Cartoons & Shows,Educational Content,Children's Cartoons & Shows
55 MINUTES of Classic SpongeBob Moments! ğŸ§½ | SpongeBob,ğŸ˜± WATCH OUT! Giant toads are scary FUN!,"You got it, dude #shorts",Children's Cartoons & Shows,Other,Other
Teen Titans Go! | Titans Brush Your Teeth | Cartoon Network UK ğŸ‡¬ğŸ‡§,jade in a horror movie ğŸ˜ˆ | Victorious #shorts,Kid Titans | Teen Titans Go! | Cartoon Network,Children's Cartoons & Shows,Other,Children's Cartoons & Shows
Teen Titans Go ğŸ‘Š | Titans Craziest Chaos! ğŸ¤¯| Compilation | Cartoon for Kids ğŸ¤©| @cnindia,Kid Titans | Teen Titans Go! | Cartoon Network,240 MINUTES of SpongeBobâ€™s Funniest Scenes ğŸ˜‚ | @SpongeBobOfficial,Children's Cartoons & Shows,Children's Cartoons & Shows,Children's Cartoons & Shows
Fixing the Titans | Teen Titans Go! | Cartoon Network,Who is the best at gymnastics? Brothers and Sister Challenge!,The Amazing World of Gumball: Food Episodes Compilation #1 | Cartoon Network Asia,Children's Cartoons & Shows,Other,Children's Cartoons & Shows
Paxton and Payton Twin Smash!! Super Team Up!,Tom & Jerry ğŸ˜ºğŸ­| Catch the Hour-Long Cat and Mouse Game ğŸ˜†| Funny Compilation ğŸ¤©| Cartoon Network âœ¨,Ice Cream | Funny Episodes | Mr Bean Cartoon World,Other,Children's Cartoons & Shows,Children's Cartoons & Shows
Electro's Gotta Glow / Black Cat Chaos | Spidey and His Amazing Friends | @disneyjr @MarvelHQ,ğŸ•¯ï¸ Garfieldâ€™s Halloween Adventure ï¸ğŸƒ Garfield & Friends ğŸ‘»,ğŸ¹ Hamster Escapes the Pool,Children's Cartoons & Shows,Other,Other
Meet Disgust - Inside Out,The Genius Young Bean | Video for kids | WildBrain Bananas,Electro's Gotta Glow | S2 E1 Part 1 | Full Episode | Spidey and his Amazing Friends | @disneyjunior,Other,Other,Children's Cartoons & Shows
cutting the cheese has a whole new meaning,Bingo Sand Art ğŸ§¡ğŸï¸ | Bluey  #ytshorts,FKJ  |  Ylang Ylang EP (Live Session),Other,Children's Cartoons & Shows,Other
Electro's Gotta Glow | S2 E1 Part 1 | Full Episode | Spidey and his Amazing Friends | @disneyjunior,"Cozy Fall Coffee Shop Ambience: Relaxing Jazz Music & Rain Sounds for Studying, Relaxation, & Sleep",Meet Anger - Inside Out,Children's Cartoons & Shows,Music & Dance,Other
Colors Of Raven | Teen Titans GO! | Episode 25,Totally Random Adventure Time Moments | Adventure Time Mega Marathon | Cartoon Network,PAW Patrol Mighty Pups to the Rescue! w/ Skye & Liberty | 90 Minute Compilation | Shimmer and Shine,Children's Cartoons & Shows,Children's Cartoons & Shows,Music & Dance
Girls vs Boys! Super Ninja Challenge!,Only Olympic gold medalists can throw things!ğŸ¥‡ğŸ¥‡,Pirate Plunder / Bad Bot ğŸ´â€â˜ ï¸ğŸ¤– | Full Episode | Spidey and His Amazing Friends | @disneyjunior,Other,Other,Children's Cartoons & Shows
Gravity Falls Full Episode | S1 E12 | Summerween | @disneyxd,ğŸ˜± WATCH OUT! Giant toad prank scares cameraman dad,Colors Of Raven | Teen Titans GO! | Episode 25,Children's Cartoons & Shows,Other,Children's Cartoons & Shows
Let Your Confidence Shine! ğŸŒŸ | Rainbow High,Which bugs might be living in your home?,Tom & Jerry ğŸ˜ºğŸ­| Catch the Hour-Long Cat and Mouse Game ğŸ˜†| Funny Compilation ğŸ¤©| Cartoon Network âœ¨,Other,Other,Children's Cartoons & Shows
FKJ  |  Ylang Ylang EP (Live Session),Ninja Kidz Epic MOVIE!,Hamster Escapes from the Prison Maze for Pets in real life ğŸ¹ in Hamster stories Part 4,Other,Other,Other
Hamster Escapes The Awesome Minecraft Maze With Obstacle Course,Barney's World Theme Song | Barney's World | NEW Music Video!,Shattered | Full Episode | Sonic Prime | Netflix After School,Other,Music & Dance,Educational Content
WORLD RECORD Kapla Tower Collapse (*BREATHTAKING*),Tall Tale in India ğŸª· | Ollie and Moon English | Full Episode | Season 1 | Cartoons for kids,Let Your Confidence Shine! ğŸŒŸ | Rainbow High,Other,Children's Cartoons & Shows,Other
I Adopted EVERY Dog In A Dog Shelter,"""Head, Shoulders, Knees & Toes"" by Ofenbach x Quarterhead | TROLLS MUSIC VIDEO | Fun Fair Surprise",Avoid the Void ğŸŒ€ FULL EPISODE | Sonic Prime | Netflix After School,Other,Music & Dance,Educational Content
Teddy's Tale - Bitesize!,The Avengers Stop The Frightful Four | LEGO Marvel Avengers: Mission Demolition,WORLD RECORD Kapla Tower Collapse (*BREATHTAKING*),Other,Other,Other
MIND CONTROL GAMING! ğŸ® | Johnny test Full Episode Compilation for Kids | WildBrain Max,Finn: â€œI Am Steveâ€ â›ï¸ğŸ˜ | Adventure Time | @cartoonnetworkuk  #shorts #minecraft #minecraftshorts,"Dove Cameron, Cheyenne Jackson - Do What You Gotta Do (From ""Descendants 3"")",Children's Cartoons & Shows,Children's Cartoons & Shows,Other
"NEW Girl Of The Year ANTHEM (Music Video) feat. Lila, Kavi, Corinne, Kira, & Joss! | American Girl",Maggie's Magic Vegetable Garden Stories | Shane the Chef Triple Bill | Shane the Chef Official,Teddy's Tale - Bitesize!,Music & Dance,Other,Other
HOW DO EARTHQUAKES HAPPEN? + More Science Experiments | SCIENCE MAX,Friendship and Family in Moominvalley | Moominvalley compilation,The Barbie Podcast ğŸ™ï¸ Ep 4: Flipping the Script with Ali Stroker!,Other,Music & Dance,Other
American Ninja Warrior Junior Qualifier EP 5 FULL OPENING CLIP | Universal Kids,"Milly, Molly | Season 1, Episode 9 | Go Camping",HOW DO EARTHQUAKES HAPPEN? + More Science Experiments | SCIENCE MAX,Other,Children's Cartoons & Shows,Other
The Barbie Podcast ğŸ™ï¸ Ep 4: Flipping the Script with Ali Stroker!,Hamster Escapes The Awesome Minecraft Maze With Obstacle Course,Scare-adise Island Beach Vacation ft. Draculaura & Clawdeen (Official Music Video) | Monster High,Other,Other,Music & Dance
Scare-adise Island Beach Vacation ft. Draculaura & Clawdeen (Official Music Video) | Monster High,Together We Can | Learn How to Participate in Your Community | PBS KIDS,Can Metal Heal Itself? ğŸ”© | PODCAST FOR KIDS ğŸ§ | Wow in the World FULL EPISODE,Music & Dance,Educational Content,Children's Cartoons & Shows
Lonely Marmoset Finds Fun with Mongoose Friends | Love Nature Kids,The Barbie Podcast ğŸ™ï¸ Ep 4: Flipping the Script with Ali Stroker!,MIND CONTROL GAMING! ğŸ® | Johnny test Full Episode Compilation for Kids | WildBrain Max,Other,Other,Children's Cartoons & Shows
Can Metal Heal Itself? ğŸ”© | PODCAST FOR KIDS ğŸ§ | Wow in the World FULL EPISODE,Can Metal Heal Itself? ğŸ”© | PODCAST FOR KIDS ğŸ§ | Wow in the World FULL EPISODE,Lonely Marmoset Finds Fun with Mongoose Friends | Love Nature Kids,Children's Cartoons & Shows,Children's Cartoons & Shows,Other
Why Do Cats Purr? - Tumble Science Podcast for Kids,Shattered | Full Episode | Sonic Prime | Netflix After School,Why Do Cats Purr? - Tumble Science Podcast for Kids,Other,Educational Content,Other
Welcome to Monster Fest | Monster Highâ„¢,Welcome to Monster Fest | Monster Highâ„¢,Welcome to Monster Fest | Monster Highâ„¢,Other,Other,Other
"Ms Rachel & Elmo Get Ready For School - ABC Song, Numbers, Colors - Toddler & Preschool Learning",Ù„Ø§ ØªØ³Ù‚Ø·! | Talking Tom Ø§Ù„Ù‚ØµÙŠØ±Ø© | WildBrain Ø£Ø·ÙØ§Ù„,Starfire's Wedding! ğŸ’’ | Teen Titans Go! #shorts @dckids,Educational Content,Other,Other
Baby Peppa Pig and Baby Suzy Sheep's Fun Time | Peppa Pig Official Family Kids Cartoon,Best of NEW SpongeBob Episodes! (Part 4) | 3 Hour Compilation | SpongeBob,Ninja Kidz Epic MOVIE!,Educational Content,Children's Cartoons & Shows,Other
PAW Patrol Halloween Best Spooky Rescue Episodes - PAW Patrol Cartoons for Kids Compilation,"Bluey Seasons 1, 2, and 3 FULL EPISODES ğŸ’™ | Unicorse, Faceytalk, Pass the Parcel, and More! | Bluey",Paxton and Payton Twin Smash!! Super Team Up!,Children's Cartoons & Shows,Children's Cartoons & Shows,Other
"One Potato, Two Potatoes | Cocomelon | Learning Videos For Kids | Education Show For Toddlers",7 MINUTE COMPILATION | PART 1 | BRAND NEW MORPH,Hamster Escapes from the Prison Maze for Pets in real life ğŸ¹ in Hamster stories Part 4,Educational Content,Music & Dance,Other
7 MINUTE COMPILATION | PART 1 | BRAND NEW MORPH,"PAW Patrol Rubble's Funniest & Silliest Rescues! w/ Chase, Marshall & Skye | 1 Hour | Rubble & Crew",ğŸ¹ Hamster Escapes the Pool,Music & Dance,Other,Other
Bluey Series 2 Highlights ğŸ¤© ğŸ’™ | Best of Bluey Season 2 | Bluey,ğŸ”´LIVE: Best Road Trips and Car Moments | Best of Bobo | 1 HOUR | Bluey,PAW Patrol Mighty Pups to the Rescue! w/ Skye & Liberty | 90 Minute Compilation | Shimmer and Shine,Children's Cartoons & Shows,Children's Cartoons & Shows,Music & Dance
ğŸ”´ The Boo Boo Moments - Peppa Pig Special | Peppa Pig Official Family Kids Cartoon,ğŸ”´LIVE: Bingo's Funniest Moments ğŸ˜† ğŸ§¡ | Fun Adventures with Bluey and Bingo | Bingo,Good Morning Song | An Original Song by Gracieâ€™s Corner | Kids Songs + Nursery Rhymes,Children's Cartoons & Shows,Children's Cartoons & Shows,Music & Dance
Masha and the Bear â€“ Once in a year ğŸ‚ğŸ (Episode 44),Starfire's Wedding! ğŸ’’ | Teen Titans Go! #shorts @dckids,60 Minutes of TRICKS ğŸƒ | SpongeBob,Children's Cartoons & Shows,Other,Children's Cartoons & Shows
PAW Patrol Marshall's BEST Lookout Tower Rescues! w/ Chase & Skye | 30 Minute Compilation | Nick Jr.,Gasp! | A Mickey Mouse Cartoon | Disney Shows,Meet Anger - Inside Out,Music & Dance,Children's Cartoons & Shows,Other
ğŸ”´ LIVE: Unwind with the Heelers ğŸ’™ | Wholesome Family Moments with Bluey | Bluey,"Cozy Fall Coffee Shop Ambience: Relaxing Jazz Music & Rain Sounds for Studying, Relaxation, & Sleep","You got it, dude #shorts",Children's Cartoons & Shows,Music & Dance,Other
Tom Thomas' Water Overload: Watch Him Almost Burst! | The Fixies | Animation for Kids,Barney's World Theme Song | Barney's World | NEW Music Video!,Coming soon! It's BABY CITY GREENS ğŸ¼ #Shorts #bigcitygreens | Link: https://youtu.be/-gdqLogzdgc,Children's Cartoons & Shows,Music & Dance,Educational Content
ğŸ”´LIVE: Best of Family and Friends ğŸ§¡ âœ¨ | Unwind with Bingo and Bluey Moments | Bingo,Bingo at the Movies ğŸ¿ ğŸ§¡ | Bluey Full Episode | Bingo - Official Channel,Spicy Food Fire Breath | Teen Titans Go! | Watch more on Cartoon Network #Shorts,Children's Cartoons & Shows,Children's Cartoons & Shows,Children's Cartoons & Shows
Pingu As A Chef - Pingu Official Channel,Colors Of Raven | Teen Titans GO! | Episode 25,The Amazing World of Gumball: Food Episodes Compilation #1 | Cartoon Network Asia,Other,Children's Cartoons & Shows,Children's Cartoons & Shows
Sesame Street: This is the Way We Go to School Song with Ms. Rachel and Elmo,Who is the best at gymnastics? Brothers and Sister Challenge!,Oggy and the Cockroaches - THE PRANKSTER (S05E74) CARTOON | New Episodes in HD,Educational Content,Other,Children's Cartoons & Shows
Peppa Pig Visits The Bouncy Maze | Peppa Pig Asia ğŸ½ Peppa Pig Full Episodes,Kayson Smash!! Mystery of the Missing Ninja Toys!,Colors Of Raven | Teen Titans GO! | Episode 25,Children's Cartoons & Shows,Other,Children's Cartoons & Shows
Blippi Visits a Playground | @Blippi | Moonbug Literacy,Pingu As A Chef - Pingu Official Channel,SpongeBob's CLASSIC EPISODE Marathon | 240 Minute Compilation | @SpongeBobOfficial,Other,Other,Children's Cartoons & Shows
The Floor Is Grape Jelly | Barney's World | FULL EPISODE | Cartoons For Kids,"Monica Toy | Imitoys - If you can't imitate, just stay home! #MonicaToy #shorts",Teddy's Tale - Bitesize!,Children's Cartoons & Shows,Other,Other
Blippi Visits an Indoor Playground | Learning Videos For Kids | Education Show For Toddlers,Good Morning Song | An Original Song by Gracieâ€™s Corner | Kids Songs + Nursery Rhymes,Breakfast in Bed ğŸŒ¼ Mother's Day Special â¤ï¸ Oddbods Full Episode | Funny Cartoons for Kids,Educational Content,Music & Dance,Children's Cartoons & Shows
Bingo at the Movies ğŸ¿ ğŸ§¡ | Bluey Full Episode | Bingo - Official Channel,Tom Thomas Has A Black Eye! | The Fixies | WildBrain Fizz,Ice Cream | Funny Episodes | Mr Bean Cartoon World,Children's Cartoons & Shows,Children's Cartoons & Shows,Children's Cartoons & Shows
Sesame Street: 2 HOURS Elmo's World: Back to School!,Kid Titans | Teen Titans Go! | Cartoon Network,kindergarteners GO crazy ğŸ¤ª Leo is now streaming on Netflix!,Educational Content,Children's Cartoons & Shows,Other
Peppa Pig English Episodes | Peppa Pig's Muddle Puddle Jump,MAGIC FRUITS! ğŸ âœ¨ğŸ˜© | TALKING TOM SHORTS | WildBrain Kids,What If SpongeBob DIDNâ€™T Live In A Pineapple? ğŸ | Nicktoons,Children's Cartoons & Shows,Other,Children's Cartoons & Shows
Halloween Episodes | Full Episodes | Clifford's Puppy Days,ğŸ˜± WATCH OUT! Giant toads are scary FUN!,10 Minute Barbie Movie Preview | Barbie & Stacie To The Rescue! | Netflix,Children's Cartoons & Shows,Other,Other
Mickey Mouse Clubhouse Full Episode | Donald and the Beanstalk | S1 E6 | @disneyjr,Tall Tale in India ğŸª· | Ollie and Moon English | Full Episode | Season 1 | Cartoons for kids,Teen Titans Go ğŸ‘Š | Titans Craziest Chaos! ğŸ¤¯| Compilation | Cartoon for Kids ğŸ¤©| @cnindia,Children's Cartoons & Shows,Children's Cartoons & Shows,Children's Cartoons & Shows
Ù„Ø§ ØªØ³Ù‚Ø·! | Talking Tom Ø§Ù„Ù‚ØµÙŠØ±Ø© | WildBrain Ø£Ø·ÙØ§Ù„,Hamster Escapes The Awesome Minecraft Maze With Obstacle Course,The Avengers Stop The Frightful Four | LEGO Marvel Avengers: Mission Demolition,Other,Other,Other
PAW Patrol Baby Animals Rescues & Adventures! w/ Marshall #3 ğŸ± 2 Hours | Nick Jr.,The Avengers Stop The Frightful Four | LEGO Marvel Avengers: Mission Demolition,Shattered | Full Episode | Sonic Prime | Netflix After School,Educational Content,Other,Educational Content
Barneyâ€™s World Theme Song | Barney's World | NEW Animated Music Video!,"Milly, Molly | Season 1, Episode 9 | Go Camping",Itty Bitty Puppies and Kittens Need Homes! | Dodo Kids | Rescued!,Children's Cartoons & Shows,Children's Cartoons & Shows,Other
Blippi Learns About Diwali! | Blippi Wonders Educational Videos for Kids,Shattered | Full Episode | Sonic Prime | Netflix After School,"Dove Cameron, Cheyenne Jackson - Do What You Gotta Do (From ""Descendants 3"")",Educational Content,Educational Content,Other
Barney's World Theme Song | Barney's World | NEW Music Video!,Maggie's Magic Vegetable Garden Stories | Shane the Chef Triple Bill | Shane the Chef Official,FKJ  |  Ylang Ylang EP (Live Session),Music & Dance,Other,Other
"Baby Learning with Ms Rachel - Baby Songs, Speech, Sign Language for Babies - Baby Videos",I Adopted EVERY Dog In A Dog Shelter,Water Bottle Flip 2 | Dude Perfect,Educational Content,Other,Other
Bedtime Stories | 50+ Minutes | Yakka Dee!,Friendship and Family in Moominvalley | Moominvalley compilation,The Barbie Podcast ğŸ™ï¸ Ep 4: Flipping the Script with Ali Stroker!,Other,Music & Dance,Other
Topsy & Tim 202 Full Episode - New Pet  | Shows for Kids | HD,Only Olympic gold medalists can throw things!ğŸ¥‡ğŸ¥‡,I Got Famous In The Smelliest Way Possible | SCRAPBOOK MY LIFE,Children's Cartoons & Shows,Other,Other
Good Night Forest ğŸ¦‡ğŸ¦¨ Full episode | Bubu and the Little Owls,Which bugs might be living in your home?,HOW DO EARTHQUAKES HAPPEN? + More Science Experiments | SCIENCE MAX,Children's Cartoons & Shows,Other,Other
"Celebrate Deepavali, also known as Diwali, with Nikhil & Jay | CBeebies",The Barbie Podcast ğŸ™ï¸ Ep 4: Flipping the Script with Ali Stroker!,MIND CONTROL GAMING! ğŸ® | Johnny test Full Episode Compilation for Kids | WildBrain Max,Other,Other,Children's Cartoons & Shows
"Cozy Fall Coffee Shop Ambience: Relaxing Jazz Music & Rain Sounds for Studying, Relaxation, & Sleep",Can Metal Heal Itself? ğŸ”© | PODCAST FOR KIDS ğŸ§ | Wow in the World FULL EPISODE,Can Metal Heal Itself? ğŸ”© | PODCAST FOR KIDS ğŸ§ | Wow in the World FULL EPISODE,Music & Dance,Children's Cartoons & Shows,Children's Cartoons & Shows
Hedge Helping Her Friends ğŸ’œ Day Of The Girl |Toad & Friends Official,Together We Can | Learn How to Participate in Your Community | PBS KIDS,Why Do Cats Purr? - Tumble Science Podcast for Kids,Other,Educational Content,Other
Barney's World - All New Series ğŸ’œ âœ¨| Streaming Now,Welcome to Monster Fest | Monster Highâ„¢,Welcome to Monster Fest | Monster Highâ„¢,Other,Other,Other
Peppa Pig English Episodes | Peppa Pig's perfect Day at the Playground,"Bluey FULL Episodes Seasons 1 - 3 ğŸ’™ | Featuring Dad Baby, Faceytalk and more! | 2 HOURS | Bluey",SpongeBob's CLASSIC EPISODE Marathon | 240 Minute Compilation | @SpongeBobOfficial,Children's Cartoons & Shows,Educational Content,Children's Cartoons & Shows
Peppa Pig's Boo Boo Moments,"Heeler Family Time ğŸ’™ ğŸ§¡ | Full Episodes | Baby Race, Asparagus, and More! | Bluey ğŸ’™",Best of NEW SpongeBob Episodes! (Part 4) | 3 Hour Compilation | SpongeBob,Children's Cartoons & Shows,Educational Content,Children's Cartoons & Shows
Peppa Pig Tales ğŸŸ¨ Building A Bridge In Tiny Land ğŸŸ© Peppa Pig Episodes,Best of NEW SpongeBob Episodes! (Part 4) | 3 Hour Compilation | SpongeBob,Starfire's Wedding! ğŸ’’ | Teen Titans Go! #shorts @dckids,Children's Cartoons & Shows,Children's Cartoons & Shows,Other
Peppa Pig Visits The Bouncy Maze | Peppa Pig Asia ğŸ½ Peppa Pig Full Episodes,7 MINUTE COMPILATION | PART 1 | BRAND NEW MORPH,The Amazing World of Gumball: Food Episodes Compilation #1 | Cartoon Network Asia,Children's Cartoons & Shows,Music & Dance,Children's Cartoons & Shows
"Ms Rachel & Elmo Get Ready For School - ABC Song, Numbers, Colors - Toddler & Preschool Learning",Bingo at the Movies ğŸ¿ ğŸ§¡ | Bluey Full Episode | Bingo - Official Channel,Every Time SpongeBob's House WASN'T A Pineapple ğŸ | Nicktoons,Educational Content,Children's Cartoons & Shows,Children's Cartoons & Shows
Masha and the Bear 2022 ğŸ¬ NEW EPISODE! ğŸ¬ Best cartoon collection ğŸŒ±ğŸŒ¾ How to Train Your Plant,Starfire's Wedding! ğŸ’’ | Teen Titans Go! #shorts @dckids,Power Rangers Ninja Z Movie 2 Remastered!,Children's Cartoons & Shows,Other,Other
"Bluey FULL Episodes Seasons 1 - 3 ğŸ’™ | Featuring Dad Baby, Faceytalk and more! | 2 HOURS | Bluey",Gasp! | A Mickey Mouse Cartoon | Disney Shows,Mr Bean's Car Wash ğŸš—ğŸ§¼ | Mr Bean Animated Cartoons | Season 2 | Full Episodes | Cartoons for Kids,Educational Content,Children's Cartoons & Shows,Children's Cartoons & Shows
"Cozy Fall Coffee Shop Ambience: Relaxing Jazz Music & Rain Sounds for Studying, Relaxation, & Sleep","PAW Patrol Rubble's Funniest & Silliest Rescues! w/ Chase, Marshall & Skye | 1 Hour | Rubble & Crew",Star vs. The Forces of Evil First Full Episode! | S1 E1 | Star Comes to Earth | @disneyxd,Music & Dance,Other,Children's Cartoons & Shows
"Heeler Family Time ğŸ’™ ğŸ§¡ | Full Episodes | Baby Race, Asparagus, and More! | Bluey ğŸ’™",Colors Of Raven | Teen Titans GO! | Episode 25,Colors Of Raven | Teen Titans GO! | Episode 25,Educational Content,Children's Cartoons & Shows,Children's Cartoons & Shows
"Baby Learning with Ms Rachel - Baby Songs, Speech, Sign Language for Babies - Baby Videos",Kid Titans | Teen Titans Go! | Cartoon Network,Lincoln Loud's Top Secret Schemes! | 60 Minutes of April Foolsâ€™ Pranks | The Loud House | @Nicktoons,Educational Content,Children's Cartoons & Shows,Children's Cartoons & Shows
ğŸ”´ LIVE STREAM ğŸ¬ Masha and the Bear ğŸ¤— Spending Time Together ğŸ˜ğŸ«‚,ğŸ”´LIVE: Bingo's Funniest Moments ğŸ˜† ğŸ§¡ | Fun Adventures with Bluey and Bingo | Bingo,Storytime w/ Ariana Grande on All That â€“ YUH! ğŸ“– | New Episodes Sat. @ 8:30P EST!,Children's Cartoons & Shows,Children's Cartoons & Shows,Children's Cartoons & Shows
7 MINUTE COMPILATION | PART 1 | BRAND NEW MORPH,Mickey and Donald Have a Farm ğŸšœ | S4 E1 | Full Episode | Mickey Mouse Clubhouse | @disneyjr,Gravity Falls Full Episode | S1 E12 | Summerween | @disneyxd,Music & Dance,Children's Cartoons & Shows,Children's Cartoons & Shows
Sing | Try Not to Sing Challenge | 10 Minutes | Mini Moments,Pingu As A Chef - Pingu Official Channel,FKJ  |  Ylang Ylang EP (Live Session),Other,Other,Other
Halloween Costumes with Elmo and Friends | FIVE Full Sesame Street Episodes,Good Morning Song | An Original Song by Gracieâ€™s Corner | Kids Songs + Nursery Rhymes,Crazy for Pizza | Teen Titans Go! | Cartoon Network,Children's Cartoons & Shows,Music & Dance,Children's Cartoons & Shows
"One Potato, Two Potatoes | Cocomelon | Learning Videos For Kids | Education Show For Toddlers",XXL Bear | Grizzy & the lemmings | Compilation | ğŸ»ğŸ¹ Cartoon for Kids,Best of Gumball's Unhinged Adventures | Amazing World of Gumball | Cartoon Network Africa,Educational Content,Children's Cartoons & Shows,Children's Cartoons & Shows
The Floor Is Grape Jelly | Barney's World | FULL EPISODE | Cartoons For Kids,SpongeBob's CLASSIC EPISODE Marathon | 240 Minute Compilation | @SpongeBobOfficial,Ice Cream | Funny Episodes | Mr Bean Cartoon World,Children's Cartoons & Shows,Children's Cartoons & Shows,Children's Cartoons & Shows
Pingu As A Chef - Pingu Official Channel,Barney's World Theme Song | Barney's World | NEW Music Video!,Mr Bean In The Snow & Cold | Mr Bean Cartoon World,Other,Music & Dance,Children's Cartoons & Shows
ğŸ”´LIVE: Best of Family and Friends ğŸ§¡ âœ¨ | Unwind with Bingo and Bluey Moments | Bingo,Paxton and Payton Twin Smash!! Super Team Up!,She's always been the queen of Halloween #StuckintheMiddle #DisneyChannel,Children's Cartoons & Shows,Other,Children's Cartoons & Shows
PAW Patrol Baby Animals Rescues & Adventures! w/ Marshall #3 ğŸ± 2 Hours | Nick Jr.,"Bluey Full Episodes! | Keepy Uppy, Sleepytime, Bus and MORE! | 2 HOUR Compilation | @disneyjr",Kayson Smash!! Mystery of the Missing Ninja Toys!,Educational Content,Children's Cartoons & Shows,Other
PAW Patrol Marshall's BEST Lookout Tower Rescues! w/ Chase & Skye | 30 Minute Compilation | Nick Jr.,L.O.L. Surprise! The Skate Dance Movie ğŸ›¹ğŸ©° | Full Movies for Kids,Big City Greens Season 4 Premiere Full Episode! ğŸŒ½| S4 E1 | Truck Stopped / Jingled | @disneychannel,Music & Dance,Music & Dance,Children's Cartoons & Shows
Capture the Flag! | Thomas & Friends: All Engines Go! | +60 Minutes Kids Cartoons,Kayson Smash!! Mystery of the Missing Ninja Toys!,MIND CONTROL GAMING! ğŸ® | Johnny test Full Episode Compilation for Kids | WildBrain Max,Children's Cartoons & Shows,Other,Children's Cartoons & Shows
Envy | Inside Out 2 | Disney Kids,Tall Tale in India ğŸª· | Ollie and Moon English | Full Episode | Season 1 | Cartoons for kids,I Adopted EVERY Dog In A Dog Shelter,Children's Cartoons & Shows,Children's Cartoons & Shows,Other
ğŸ”´LIVE: Bingo's Big Adventure ğŸ¤©ğŸ§¡ | Get Exploring with Bingo and Bluey ğŸŒ |  Bingo,Finn: â€œI Am Steveâ€ â›ï¸ğŸ˜ | Adventure Time | @cartoonnetworkuk  #shorts #minecraft #minecraftshorts,Finn: â€œI Am Steveâ€ â›ï¸ğŸ˜ | Adventure Time | @cartoonnetworkuk  #shorts #minecraft #minecraftshorts,Children's Cartoons & Shows,Children's Cartoons & Shows,Children's Cartoons & Shows
Blippi Visits a Playground | @Blippi | Moonbug Literacy,"Milly, Molly | Season 1, Episode 9 | Go Camping",Hamster Escapes The Awesome Minecraft Maze With Obstacle Course,Other,Children's Cartoons & Shows,Other
Bedtime Stories | 50+ Minutes | Yakka Dee!,"Cozy Fall Coffee Shop Ambience: Relaxing Jazz Music & Rain Sounds for Studying, Relaxation, & Sleep",Let Your Confidence Shine! ğŸŒŸ | Rainbow High,Other,Music & Dance,Other
Vlad and Niki PAW Patrol 10th Anniversary Birthday Party! - Toy Pretend Play Play For Kids,The Avengers Stop The Frightful Four | LEGO Marvel Avengers: Mission Demolition,Teddy's Tale - Bitesize!,Music & Dance,Other,Other
KIDZ BOP Kids - Old Town Road (Dance Along),Hamster Escapes The Awesome Minecraft Maze With Obstacle Course,Good Morning Song | An Original Song by Gracieâ€™s Corner | Kids Songs + Nursery Rhymes,Music & Dance,Other,Music & Dance
Blippi Learns About Diwali! | Blippi Wonders Educational Videos for Kids,Which bugs might be living in your home?,Can Metal Heal Itself? ğŸ”© | PODCAST FOR KIDS ğŸ§ | Wow in the World FULL EPISODE,Educational Content,Other,Children's Cartoons & Shows
Which bugs might be living in your home?,Only Olympic gold medalists can throw things!ğŸ¥‡ğŸ¥‡,"Break This Down (From ""Descendants 3"")",Other,Other,Other
Only Olympic gold medalists can throw things!ğŸ¥‡ğŸ¥‡,I Adopted EVERY Dog In A Dog Shelter,HOW DO EARTHQUAKES HAPPEN? + More Science Experiments | SCIENCE MAX,Other,Other,Other
"Clean Up, Clean Up | Barney's World | NEW Animated Music Video!",Maggie's Magic Vegetable Garden Stories | Shane the Chef Triple Bill | Shane the Chef Official,Why Do Cats Purr? - Tumble Science Podcast for Kids,Children's Cartoons & Shows,Other,Other
Good Night Forest ğŸ¦‡ğŸ¦¨ Full episode | Bubu and the Little Owls,Friendship and Family in Moominvalley | Moominvalley compilation,The Barbie Podcast ğŸ™ï¸ Ep 4: Flipping the Script with Ali Stroker!,Children's Cartoons & Shows,Music & Dance,Other
Bandar Mama and Bananas | Bengali Rhymes for Children | Infobells,The Barbie Podcast ğŸ™ï¸ Ep 4: Flipping the Script with Ali Stroker!,Copying the Haschak Sisters Instagram Photos!,Other,Other,Other
"Celebrate Deepavali, also known as Diwali, with Nikhil & Jay | CBeebies",Can Metal Heal Itself? ğŸ”© | PODCAST FOR KIDS ğŸ§ | Wow in the World FULL EPISODE,Lonely Marmoset Finds Fun with Mongoose Friends | Love Nature Kids,Other,Children's Cartoons & Shows,Other
Topsy & Tim 202 Full Episode - New Pet  | Shows for Kids | HD,Together We Can | Learn How to Participate in Your Community | PBS KIDS,Scare-adise Island Beach Vacation ft. Draculaura & Clawdeen (Official Music Video) | Monster High,Children's Cartoons & Shows,Educational Content,Music & Dance
Hedge Helping Her Friends ğŸ’œ Day Of The Girl |Toad & Friends Official,Welcome to Monster Fest | Monster Highâ„¢,Welcome to Monster Fest | Monster Highâ„¢,Other,Other,Other
"Heeler Family Time ğŸ’™ ğŸ§¡ | Full Episodes | Baby Race, Asparagus, and More! | Bluey ğŸ’™",The UNFAIR GAME! | Mr Bean | Cartoons for Kids | WildBrain Kids,,Educational Content,Children's Cartoons & Shows,
"Ms Rachel & Elmo Get Ready For School - ABC Song, Numbers, Colors - Toddler & Preschool Learning",SpongeBob's CLASSIC EPISODE Marathon | 240 Minute Compilation | @SpongeBobOfficial,,Educational Content,Children's Cartoons & Shows,
Daddy Pig Loses His Keys ğŸš™ | Peppa Pig Official Full Episodes,240 MINUTES of SpongeBobâ€™s Funniest Scenes ğŸ˜‚ | @SpongeBobOfficial,,Children's Cartoons & Shows,Children's Cartoons & Shows,
ğŸ”´ The Boo Boo Moments - Peppa Pig Special | Peppa Pig Official Family Kids Cartoon,"Cozy Fall Coffee Shop Ambience: Relaxing Jazz Music & Rain Sounds for Studying, Relaxation, & Sleep",,Children's Cartoons & Shows,Music & Dance,
ğŸ”´LIVE: Funny Bluey Moments! | 2 HOURS | Bluey,ğŸ”´ LIVE: SpongeBob's Most Extreme Weather Marathon! ğŸ”¥â„ï¸ | Nickelodeon,,Children's Cartoons & Shows,Children's Cartoons & Shows,
Sing | Try Not to Sing Challenge | 10 Minutes | Mini Moments,ğŸ•¯ï¸ Garfieldâ€™s Halloween Adventure ï¸ğŸƒ Garfield & Friends ğŸ‘»,,Other,Other,
"One Potato, Two Potatoes | Cocomelon | Learning Videos For Kids | Education Show For Toddlers",ğŸ”´ LIVE: Unwind with the Heelers ğŸ’™ | Wholesome Family Moments with Bluey | Bluey,,Educational Content,Children's Cartoons & Shows,
Blippi Visits an Indoor Playground | Learning Videos For Kids | Education Show For Toddlers,ğŸ”´LIVE: Bingo's Big Adventure ğŸ¤©ğŸ§¡ | Get Exploring with Bingo and Bluey ğŸŒ |  Bingo,,Educational Content,Children's Cartoons & Shows,
Peppa Pig English Episodes | Peppa Pig's perfect Day at the Playground,"Bluey FULL Episodes Seasons 1 - 3 ğŸ’™ | Featuring Dad Baby, Faceytalk and more! | 2 HOURS | Bluey",,Children's Cartoons & Shows,Educational Content,
7 MINUTE COMPILATION | PART 1 | BRAND NEW MORPH,Curious George ğŸµğŸ‘»HALLOWEEN SPECIAL - In the Dark ğŸƒğŸµ Kids Cartoon ğŸµ Kids Movies | Videos for Kids,,Music & Dance,Children's Cartoons & Shows,
"Baby Learning with Ms Rachel - Baby Songs, Speech, Sign Language for Babies - Baby Videos",Booba ğŸ”´ All Episodes Compilation ğŸ”´ Cartoon For Kids Super Toons TV,,Educational Content,Children's Cartoons & Shows,
Peppa Pig Fills Up Her Cart | Peppa Pig Asia ğŸ½ Peppa Pig Full Episodes |,OH NO! Tom Thomas Has A Black Eye! | The Fixies | WildBrain Fizz,,Children's Cartoons & Shows,Children's Cartoons & Shows,
Envy | Inside Out 2 | Disney Kids,Tom Thomas' Big Workout ğŸ’ªğŸ» Can he do a pull-up? | The Fixies | Educational Animation for Kids,,Children's Cartoons & Shows,Educational Content,
Vlad and Niki PAW Patrol 10th Anniversary Birthday Party! - Toy Pretend Play Play For Kids,Who is the best at gymnastics? Brothers and Sister Challenge!,,Music & Dance,Other,
Mickey and Donald Have a Farm ğŸšœ | S4 E1 | Full Episode | Mickey Mouse Clubhouse | @disneyjr,Zoey's TOP 5 Savage Moments ğŸ”¥ | Zoey 101 #Shorts,,Children's Cartoons & Shows,Other,
ğŸ”´ LIVE STREAM ğŸ¬ Masha and the Bear ğŸ¤— Spending Time Together ğŸ˜ğŸ«‚,ğŸ”´LIVE: Bingo's Funniest Moments ğŸ˜† ğŸ§¡ | Fun Adventures with Bluey and Bingo | Bingo,,Children's Cartoons & Shows,Children's Cartoons & Shows,
Haunted House NEW Monsters for Kids with Steve and Maggie | Halloween PiÃ±ata | Mr Sun Trick or Treat,Ninja Kidz Epic MOVIE!,,Other,Other,
Masha and the Bear â€“ Once in a year ğŸ‚ğŸ (Episode 44),ğŸ˜± WATCH OUT! Giant toads are scary FUN!,,Children's Cartoons & Shows,Other,
"Bluey Full Episodes! | Keepy Uppy, Sleepytime, Bus and MORE! | 2 HOUR Compilation | @disneyjr",Tall Tale in India ğŸª· | Ollie and Moon English | Full Episode | Season 1 | Cartoons for kids,,Children's Cartoons & Shows,Children's Cartoons & Shows,
Halloween Costumes with Elmo and Friends | FIVE Full Sesame Street Episodes,"""Head, Shoulders, Knees & Toes"" by Ofenbach x Quarterhead | TROLLS MUSIC VIDEO | Fun Fair Surprise",,Children's Cartoons & Shows,Music & Dance,
Blippi Learns About Diwali! | Blippi Wonders Educational Videos for Kids,Maggie's Magic Vegetable Garden Stories | Shane the Chef Triple Bill | Shane the Chef Official,,Educational Content,Other,
Blippi Visits a Playground | @Blippi | Moonbug Literacy,Avengers Assemble | LEGO Marvel Avengers: Mission Demolition,,Other,Other,
PAW Patrol Marshall's BEST Lookout Tower Rescues! w/ Chase & Skye | 30 Minute Compilation | Nick Jr.,ğŸ˜± WATCH OUT! Giant toad prank scares cameraman dad,,Music & Dance,Other,
"Cozy Fall Coffee Shop Ambience: Relaxing Jazz Music & Rain Sounds for Studying, Relaxation, & Sleep",Can Metal Heal Itself? ğŸ”© | PODCAST FOR KIDS ğŸ§ | Wow in the World FULL EPISODE,,Music & Dance,Children's Cartoons & Shows,
Bingo at the Movies ğŸ¿ ğŸ§¡ | Bluey Full Episode | Bingo - Official Channel,"Milly, Molly | Season 1, Episode 9 | Go Camping",,Children's Cartoons & Shows,Children's Cartoons & Shows,
Pingu As A Chef - Pingu Official Channel,Friendship and Family in Moominvalley | Moominvalley compilation,,Other,Music & Dance,
Bedtime Stories | 50+ Minutes | Yakka Dee!,Only Olympic gold medalists can throw things!ğŸ¥‡ğŸ¥‡,,Other,Other,
Only Olympic gold medalists can throw things!ğŸ¥‡ğŸ¥‡,The Avengers Stop The Frightful Four | LEGO Marvel Avengers: Mission Demolition,,Other,Other,
KIDZ BOP Kids - Old Town Road (Dance Along),Which bugs might be living in your home?,,Music & Dance,Other,
Barney's World Theme Song | Barney's World | NEW Music Video!,I've Got You | Barney's World | NEW Music Video!,,Music & Dance,Music & Dance,
Which bugs might be living in your home?,Hamster Escapes The Awesome Minecraft Maze With Obstacle Course,,Other,Other,
Good Night Forest ğŸ¦‡ğŸ¦¨ Full episode | Bubu and the Little Owls,Together We Can | Learn How to Participate in Your Community | PBS KIDS,,Children's Cartoons & Shows,Educational Content,
"Celebrate Deepavali, also known as Diwali, with Nikhil & Jay | CBeebies",The Barbie Podcast ğŸ™ï¸ Ep 4: Flipping the Script with Ali Stroker!,,Other,Other,
Bandar Mama and Bananas | Bengali Rhymes for Children | Infobells,Finn: â€œI Am Steveâ€ â›ï¸ğŸ˜ | Adventure Time | @cartoonnetworkuk  #shorts #minecraft #minecraftshorts,,Other,Children's Cartoons & Shows,
Topsy & Tim 202 Full Episode - New Pet  | Shows for Kids | HD,Shattered | Full Episode | Sonic Prime | Netflix After School,,Children's Cartoons & Shows,Educational Content,
Hedge Helping Her Friends ğŸ’œ Day Of The Girl |Toad & Friends Official,Welcome to Monster Fest | Monster Highâ„¢,,Other,Other,
7 MINUTE COMPILATION | PART 1 | BRAND NEW MORPH,,,Music & Dance,,
PAW Patrol Halloween Best Spooky Rescue Episodes - PAW Patrol Cartoons for Kids Compilation,,,Children's Cartoons & Shows,,
"Ms Rachel & Elmo Get Ready For School - ABC Song, Numbers, Colors - Toddler & Preschool Learning",,,Educational Content,,
ğŸ”´LIVE: Bluey Episodes that have Halloween Energy ğŸ‘» | Bluey,,,Children's Cartoons & Shows,,
Pingu As A Chef - Pingu Official Channel,,,Other,,
Bluey Series 2 Highlights ğŸ¤© ğŸ’™ | Best of Bluey Season 2 | Bluey,,,Children's Cartoons & Shows,,
Peppa Jumps in a Muddy Puddle #shorts,,,Children's Cartoons & Shows,,
Blippi Visits an Indoor Playground | Learning Videos For Kids | Education Show For Toddlers,,,Educational Content,,
ğŸ”´LIVE: Best of Family and Friends ğŸ§¡ âœ¨ | Unwind with Bingo and Bluey Moments | Bingo,,,Children's Cartoons & Shows,,
PAW Patrol Marshall's BEST Lookout Tower Rescues! w/ Chase & Skye | 30 Minute Compilation | Nick Jr.,,,Music & Dance,,
Masha And The Bear - ğŸŒ·INTERNATIONAL WOMEN'S DAY with Masha! ğŸ’•ğŸ‘±â€â™€ï¸,,,Children's Cartoons & Shows,,
Halloween Episodes | Full Episodes | Clifford's Puppy Days,,,Children's Cartoons & Shows,,
Halloween Zombies | Zombie Still AliveğŸ§Ÿâ€â™‚ï¸ #pororo #shorts #zombie,,,Other,,
Dinner At Rebecca Rabbit's House ğŸ¥• | Peppa Pig Official Full Episodes,,,Children's Cartoons & Shows,,
Bingo at the Movies ğŸ¿ ğŸ§¡ | Bluey Full Episode | Bingo - Official Channel,,,Children's Cartoons & Shows,,
A Mighty Meteor Shower â˜„ï¸ | MIGHTY MONSTERWHEELIES | Netflix,,,Other,,
Barney's World Theme Song | Barney's World | NEW Music Video!,,,Music & Dance,,
Vlad and Niki PAW Patrol 10th Anniversary Birthday Party! - Toy Pretend Play Play For Kids,,,Music & Dance,,
Sesame Street: This is the Way We Go to School Song with Ms. Rachel and Elmo,,,Educational Content,,
Booba ğŸ”´ All Episodes Compilation ğŸ”´ Cartoon For Kids Super Toons TV,,,Children's Cartoons & Shows,,
Masha and the Bear 2024 ğŸ¬ NEW EPISODE! ğŸ¬ Best cartoon collection ğŸ¥” Soup Pursuit ğŸ¥•ğŸ²,,,Children's Cartoons & Shows,,
Bedtime Stories | 50+ Minutes | Yakka Dee!,,,Other,,
Halloween Costumes with Elmo and Friends | FIVE Full Sesame Street Episodes,,,Children's Cartoons & Shows,,
Blippi Learns About Diwali! | Blippi Wonders Educational Videos for Kids,,,Educational Content,,
Morphle is CRYING! - Mila and Morphle |  Kids Videos | My Magic Pet Morphle,,,Other,,
The Floor Is Grape Jelly | Barney's World | FULL EPISODE | Cartoons For Kids,,,Children's Cartoons & Shows,,
Barneyâ€™s World Theme Song | Barney's World | NEW Animated Music Video!,,,Children's Cartoons & Shows,,
Topsy & Tim 202 Full Episode - New Pet  | Shows for Kids | HD,,,Children's Cartoons & Shows,,
Good Night Forest ğŸ¦‡ğŸ¦¨ Full episode | Bubu and the Little Owls,,,Children's Cartoons & Shows,,
"Baby Learning with Ms Rachel - Baby Songs, Speech, Sign Language for Babies - Baby Videos",,,Educational Content,,
Hedge Helping Her Friends ğŸ’œ Day Of The Girl |Toad & Friends Official,,,Other,,
Gabby Goes K-POP with NMIXX! | GABBY'S DOLLHOUSE,,,Other,,
Kiki's Diner: OmoBerry Spoofs #willowsdiner #willowpenelope,,,Other,,
Only Olympic gold medalists can throw things!ğŸ¥‡ğŸ¥‡,,,Other,,
"Celebrate Deepavali, also known as Diwali, with Nikhil & Jay | CBeebies",,,Other,,
Barney's World - All New Series ğŸ’œ âœ¨| Streaming Now,,,Other,,
ğŸ”´ The Boo Boo Moments - Peppa Pig Special | Peppa Pig Official Family Kids Cartoon,,,Children's Cartoons & Shows,,
Baby Peppa Pig and Baby Suzy Sheep's Fun Time | Peppa Pig Official Family Kids Cartoon,,,Educational Content,,
"Heeler Family Time ğŸ’™ ğŸ§¡ | Full Episodes | Baby Race, Asparagus, and More! | Bluey ğŸ’™",,,Educational Content,,
"Monica Toy | Imitoys - If you can't imitate, just stay home! #MonicaToy #shorts",,,Other,,
"Bluey FULL Episodes Seasons 1 - 3 ğŸ’™ | Featuring Dad Baby, Faceytalk and more! | 2 HOURS | Bluey",,,Educational Content,,
Peppa Pig English Episodes | Peppa Pig's perfect Day at the Playground,,,Children's Cartoons & Shows,,
Pingu As A Chef - Pingu Official Channel,,,Other,,
7 MINUTE COMPILATION | PART 1 | BRAND NEW MORPH,,,Music & Dance,,
Elmo Sings the ABC's! #sesamestreet,,,Educational Content,,
Double Bingo! ğŸ§¡ ğŸ§¡ | Mini Bluey Full Episode | Bingo - Official Channel,,,Children's Cartoons & Shows,,
Bingo at the Movies ğŸ¿ ğŸ§¡ | Bluey Full Episode | Bingo - Official Channel,,,Children's Cartoons & Shows,,
"One Potato, Two Potatoes | Cocomelon | Learning Videos For Kids | Education Show For Toddlers",,,Educational Content,,
PAW Patrol Marshall's BEST Lookout Tower Rescues! w/ Chase & Skye | 30 Minute Compilation | Nick Jr.,,,Music & Dance,,
"Cozy Fall Coffee Shop Ambience: Relaxing Jazz Music & Rain Sounds for Studying, Relaxation, & Sleep",,,Music & Dance,,
Halloween Zombies | Zombie Still AliveğŸ§Ÿâ€â™‚ï¸ #pororo #shorts #zombie,,,Other,,
"Ms Rachel & Elmo Get Ready For School - ABC Song, Numbers, Colors - Toddler & Preschool Learning",,,Educational Content,,
Sing | Try Not to Sing Challenge | 10 Minutes | Mini Moments,,,Other,,
Barney's World Theme Song | Barney's World | NEW Music Video!,,,Music & Dance,,
The Floor Is Grape Jelly | Barney's World | FULL EPISODE | Cartoons For Kids,,,Children's Cartoons & Shows,,
"PAW Patrol Rubble's Funniest & Silliest Rescues! w/ Chase, Marshall & Skye | 1 Hour | Rubble & Crew",,,Other,,
Vlad and Niki PAW Patrol 10th Anniversary Birthday Party! - Toy Pretend Play Play For Kids,,,Music & Dance,,
Blippi Visits a Playground | @Blippi | Moonbug Literacy,,,Other,,
"ğŸ”´ LIVE: PAW Patrol's Ultimate Rescues & Adventures! w/ Marshall, Chase & Skye | Nick Jr.",,,Other,,
Blippi Visits an Indoor Playground | Learning Videos For Kids | Education Show For Toddlers,,,Educational Content,,
Peppa Pig Fills Up Her Cart | Peppa Pig Asia ğŸ½ Peppa Pig Full Episodes |,,,Children's Cartoons & Shows,,
Bedtime Stories | 50+ Minutes | Yakka Dee!,,,Other,,
Blippi Learns About Diwali! | Blippi Wonders Educational Videos for Kids,,,Educational Content,,
Barneyâ€™s World Theme Song | Barney's World | NEW Animated Music Video!,,,Children's Cartoons & Shows,,
Good Night Forest ğŸ¦‡ğŸ¦¨ Full episode | Bubu and the Little Owls,,,Children's Cartoons & Shows,,
Only Olympic gold medalists can throw things!ğŸ¥‡ğŸ¥‡,,,Other,,
Which bugs might be living in your home?,,,Other,,
"Celebrate Deepavali, also known as Diwali, with Nikhil & Jay | CBeebies",,,Other,,
Topsy & Tim 202 Full Episode - New Pet  | Shows for Kids | HD,,,Children's Cartoons & Shows,,
Kiki's Diner: OmoBerry Spoofs #willowsdiner #willowpenelope,,,Other,,
Hedge Helping Her Friends ğŸ’œ Day Of The Girl |Toad & Friends Official,,,Other,,
"Baby Learning with Ms Rachel - Baby Songs, Speech, Sign Language for Babies - Baby Videos",,,Educational Content,,